cluster,facet,docid,label,rank,score,in_gold,A,B,third
1,ablation,C1D27,yes,1,0.189216,1,yes,yes,
1,ablation,C1D30,yes,2,0.187702,1,yes,yes,
1,ablation,C1D11,yes,3,0.161009,1,yes,no,YES
1,ablation,C1P14,yes,4,0.149138,1,yes,no,YES
1,ablation,C1P13,yes,5,0.134818,1,yes,yes,
1,ablation,C1P6,yes,6,0.128028,1,yes,yes,
1,ablation,C1D10,yes,7,0.126139,1,yes,no,YES
1,ablation,C1D18,unclear,8,0.11466,1,,,
1,ablation,C1D13,no,9,0.106397,1,no,no,
1,ablation,C1D19,yes,10,0.105978,1,yes,no,YES
1,ablation,C1D2,yes,11,0.105356,1,yes,yes,
1,ablation,C1D17,yes,12,0.102915,1,yes,no,YES
1,ablation,C1D33,no,13,0.100251,0,no,no,
1,ablation,C1P16,yes,14,0.09831,1,yes,yes,
1,ablation,C1D15,yes,15,0.091049,0,yes,no,YES
1,ablation,C1D22,yes,16,0.090354,1,yes,yes,
1,ablation,C1D12,yes,17,0.089501,1,yes,err,YES
1,ablation,C1D14,yes,18,0.088047,1,yes,yes,
1,ablation,C1P19,yes,19,0.086206,1,yes,no,YES
1,ablation,C1D4,yes,20,0.085747,1,yes,yes,
1,ablation,C1D5,yes,21,0.075679,0,yes,yes,
1,ablation,C1D25,no,22,0.075199,1,no,no,
1,ablation,C1P15,no,23,0.070323,0,no,no,
1,ablation,C1D6,no,24,0.0625,1,no,no,
1,ablation,C1D8,yes,25,0.060606,1,yes,yes,
1,ablation,C1P10,yes,26,0.059701,0,yes,no,YES
1,ablation,C1D7,no,27,0.059701,0,no,no,
1,ablation,C1D16,no,28,0.058824,1,no,no,
1,ablation,C1D21,yes,29,0.057143,1,yes,no,YES
1,ablation,C1D26,no,30,0.056338,0,no,no,
1,ablation,C1D32,yes,31,0.054795,1,yes,yes,
1,ablation,C1D24,yes,32,0.052966,1,yes,yes,
1,ablation,C1D23,yes,33,0.052591,0,yes,yes,
1,ablation,C1P7,yes,34,0.051948,1,yes,no,YES
1,ablation,C1P4,no,35,0.051282,0,no,no,
1,ablation,C1D9,no,36,0.05,0,no,no,
1,ablation,C1P17,no,37,0.047059,0,no,no,
1,ablation,C1D20,no,38,0.046749,0,no,no,
1,ablation,C1P2,no,39,0.045977,0,no,no,
1,ablation,C1P11,no,40,0.043956,0,no,no,
1,ablation,C1D1,no,41,0.042553,0,no,no,
1,ablation,C1P1,no,42,0.042105,0,no,no,
1,ablation,C1D28,no,43,0.042105,0,no,no,
1,ablation,C1P9,no,44,0.036697,0,no,no,
1,ablation,C1D34,yes,45,0.011111,1,yes,no,YES
1,ablation,C1P12,yes,46,0.006993,1,yes,no,YES
1,ablation,C1P18,no,47,0.0,0,no,no,
1,ablation,C1D3,no,48,0.0,0,no,no,
1,ablation,C1D29,no,49,0.0,0,no,no,
1,ablation,C1D31,no,50,0.0,0,no,no,
1,annotation_cost,C1P15,no,1,0.141995,1,no,no,
1,annotation_cost,C1D16,yes,2,0.134457,1,yes,no,YES
1,annotation_cost,C1D20,no,3,0.127652,0,no,no,
1,annotation_cost,C1D4,yes,4,0.125031,0,yes,yes,
1,annotation_cost,C1P19,no,5,0.123106,0,no,no,
1,annotation_cost,C1D33,no,6,0.110279,0,no,no,
1,annotation_cost,C1D25,no,7,0.108425,0,no,yes,NO
1,annotation_cost,C1P4,no,8,0.103012,0,no,no,
1,annotation_cost,C1D13,no,9,0.100294,1,no,no,
1,annotation_cost,C1P14,yes,10,0.099567,1,yes,no,YES
1,annotation_cost,C1P2,no,11,0.090147,0,no,no,
1,annotation_cost,C1D5,no,12,0.085859,0,no,no,
1,annotation_cost,C1D34,yes,13,0.085027,0,unclear,no,YES
1,annotation_cost,C1D6,no,14,0.081328,0,no,no,
1,annotation_cost,C1D11,no,15,0.079374,0,no,no,
1,annotation_cost,C1D1,no,16,0.072448,0,no,no,
1,annotation_cost,C1P13,no,17,0.071759,0,no,no,
1,annotation_cost,C1D23,yes,18,0.071156,0,yes,no,YES
1,annotation_cost,C1D9,no,19,0.070281,0,no,no,
1,annotation_cost,C1P17,no,20,0.067968,0,no,no,
1,annotation_cost,C1D10,no,21,0.065574,0,no,no,
1,annotation_cost,C1D7,no,22,0.063492,0,no,no,
1,annotation_cost,C1P10,no,23,0.061538,0,no,no,
1,annotation_cost,C1D29,no,24,0.061538,0,no,no,
1,annotation_cost,C1D21,no,25,0.059701,0,no,no,
1,annotation_cost,C1D15,no,26,0.057539,0,no,no,
1,annotation_cost,C1P11,no,27,0.056338,0,no,no,
1,annotation_cost,C1P9,no,28,0.05433,0,no,no,
1,annotation_cost,C1P16,no,29,0.054054,0,no,no,
1,annotation_cost,C1D26,no,30,0.053583,0,no,no,
1,annotation_cost,C1P12,no,31,0.052632,0,no,no,
1,annotation_cost,C1D22,no,32,0.051948,0,no,no,
1,annotation_cost,C1P7,no,33,0.05161,0,no,no,
1,annotation_cost,C1D18,no,34,0.049421,0,no,no,
1,annotation_cost,C1D17,no,35,0.048193,0,no,no,
1,annotation_cost,C1D27,no,36,0.045977,0,no,no,
1,annotation_cost,C1P1,no,37,0.045831,0,no,no,
1,annotation_cost,C1D3,no,38,0.041237,0,no,no,
1,annotation_cost,C1P6,no,39,0.039604,0,no,no,
1,annotation_cost,C1D31,no,40,0.038462,0,no,no,
1,annotation_cost,C1D32,no,41,0.030798,0,no,no,
1,annotation_cost,C1D30,no,42,0.021917,0,no,no,
1,annotation_cost,C1D2,no,43,0.013889,0,no,no,
1,annotation_cost,C1D14,no,44,0.013333,0,no,no,
1,annotation_cost,C1D8,no,45,0.011905,0,no,no,
1,annotation_cost,C1D19,no,46,0.009174,0,no,no,
1,annotation_cost,C1P18,no,47,0.0,0,no,no,
1,annotation_cost,C1D12,no,48,0.0,0,no,no,
1,annotation_cost,C1D24,no,49,0.0,0,no,no,
1,annotation_cost,C1D28,no,50,0.0,0,no,no,
1,case_study,C1P17,no,1,0.130068,0,no,no,
1,case_study,C1P19,yes,2,0.118265,1,yes,yes,
1,case_study,C1P7,yes,3,0.109291,1,yes,yes,
1,case_study,C1D33,no,4,0.101834,0,unclear,yes,NO
1,case_study,C1P6,no,5,0.100637,0,no,no,
1,case_study,C1D19,yes,6,0.08194,1,yes,no,YES
1,case_study,C1D11,yes,7,0.076479,1,yes,no,YES
1,case_study,C1D34,yes,8,0.07175,1,yes,no,YES
1,case_study,C1D2,yes,9,0.071193,1,yes,no,YES
1,case_study,C1D26,yes,10,0.071154,1,yes,no,YES
1,case_study,C1P4,no,11,0.06878,0,no,no,
1,case_study,C1P11,no,12,0.06874,1,yes,no,
1,case_study,C1D24,yes,13,0.068012,1,yes,yes,
1,case_study,C1D13,no,14,0.067507,0,no,no,
1,case_study,C1D27,yes,15,0.065574,1,yes,yes,
1,case_study,C1P13,no,16,0.064516,0,no,no,
1,case_study,C1D20,yes,17,0.063492,0,yes,yes,
1,case_study,C1D22,no,18,0.063492,0,no,no,
1,case_study,C1D14,no,19,0.062155,0,no,no,
1,case_study,C1D16,no,20,0.061538,0,no,no,
1,case_study,C1D29,no,21,0.060606,0,no,no,
1,case_study,C1P9,no,22,0.059767,0,no,no,
1,case_study,C1D18,yes,23,0.059701,1,yes,yes,
1,case_study,C1P14,no,24,0.058964,0,no,no,
1,case_study,C1P15,no,25,0.058824,0,no,no,
1,case_study,C1D23,no,26,0.058824,0,no,no,
1,case_study,C1P16,no,27,0.057971,0,no,no,
1,case_study,C1D3,yes,28,0.057971,1,yes,yes,
1,case_study,C1D21,no,29,0.057257,0,no,no,
1,case_study,C1D25,no,30,0.056338,0,no,no,
1,case_study,C1D31,no,31,0.056338,0,no,no,
1,case_study,C1D30,no,32,0.055943,0,no,no,
1,case_study,C1D15,no,33,0.055472,0,no,no,
1,case_study,C1P2,no,34,0.054795,0,no,no,
1,case_study,C1P1,no,35,0.053333,1,no,no,
1,case_study,C1D1,no,36,0.051282,0,no,no,
1,case_study,C1P10,no,37,0.050633,0,no,no,
1,case_study,C1D17,no,38,0.048193,1,no,no,
1,case_study,C1D10,no,39,0.047619,0,no,no,
1,case_study,C1D32,no,40,0.047059,0,no,no,
1,case_study,C1D6,no,41,0.045455,0,no,no,
1,case_study,C1D7,no,42,0.044444,0,no,no,
1,case_study,C1D8,no,43,0.043956,0,no,no,
1,case_study,C1D9,no,44,0.043478,0,no,no,
1,case_study,C1D5,no,45,0.041667,0,no,no,
1,case_study,C1D12,no,46,0.037383,0,no,no,
1,case_study,C1D4,no,47,0.037037,0,no,no,
1,case_study,C1P12,no,48,0.013514,0,no,no,
1,case_study,C1P18,yes,49,0.0,0,yes,no,YES
1,case_study,C1D28,no,50,0.0,0,no,no,
1,code_release,C1P9,yes,1,0.189072,1,yes,yes,
1,code_release,C1D4,no,2,0.159973,0,no,no,
1,code_release,C1P2,no,3,0.149832,0,no,no,
1,code_release,C1P10,no,4,0.149023,1,no,no,
1,code_release,C1P17,yes,5,0.119697,0,yes,yes,
1,code_release,C1D23,yes,6,0.117294,1,yes,no,YES
1,code_release,C1D5,no,7,0.115833,0,no,no,
1,code_release,C1D9,no,8,0.114286,0,no,no,
1,code_release,C1D26,no,9,0.097059,0,no,no,
1,code_release,C1D12,yes,10,0.096207,1,yes,no,YES
1,code_release,C1D28,no,11,0.09175,0,no,no,
1,code_release,C1D2,yes,12,0.085634,1,yes,yes,
1,code_release,C1P13,no,13,0.083956,0,no,no,
1,code_release,C1D16,yes,14,0.081849,1,yes,no,YES
1,code_release,C1D32,no,15,0.076952,0,no,no,
1,code_release,C1D10,no,16,0.076326,1,no,no,
1,code_release,C1D29,no,17,0.073587,0,no,no,
1,code_release,C1D17,no,18,0.073106,0,no,no,
1,code_release,C1D15,no,19,0.07094,1,no,no,
1,code_release,C1P16,yes,20,0.068996,1,yes,yes,
1,code_release,C1P14,no,21,0.068485,0,no,no,
1,code_release,C1D3,no,22,0.068169,0,no,no,
1,code_release,C1D7,no,23,0.065574,0,no,no,
1,code_release,C1P19,no,24,0.063492,0,no,no,
1,code_release,C1D11,no,25,0.063492,0,no,no,
1,code_release,C1D34,no,26,0.060765,1,no,no,
1,code_release,C1D6,no,27,0.060606,0,no,no,
1,code_release,C1D19,no,28,0.057971,0,no,no,
1,code_release,C1D27,no,29,0.057971,0,no,no,
1,code_release,C1D31,unclear,30,0.056338,1,,,
1,code_release,C1D33,no,31,0.055556,0,no,no,
1,code_release,C1D21,no,32,0.054795,0,no,no,
1,code_release,C1D14,unclear,33,0.053333,1,,,
1,code_release,C1D20,no,34,0.052632,0,no,no,
1,code_release,C1P18,no,35,0.051282,0,no,no,
1,code_release,C1D8,no,36,0.048563,0,no,no,
1,code_release,C1P7,yes,37,0.048193,1,yes,yes,
1,code_release,C1D18,no,38,0.048193,0,no,no,
1,code_release,C1D25,no,39,0.047619,0,no,no,
1,code_release,C1D13,yes,40,0.047567,1,yes,yes,
1,code_release,C1P11,no,41,0.047387,1,no,no,
1,code_release,C1P15,no,42,0.046512,1,no,no,
1,code_release,C1P4,no,43,0.042553,0,no,no,
1,code_release,C1D22,no,44,0.041237,0,no,no,
1,code_release,C1D24,no,45,0.038835,0,no,no,
1,code_release,C1D30,no,46,0.038835,0,no,no,
1,code_release,C1P6,yes,47,0.037198,1,yes,yes,
1,code_release,C1D1,no,48,0.029185,0,no,no,
1,code_release,C1P1,yes,49,0.02628,1,yes,yes,
1,code_release,C1P12,yes,50,0.01835,1,yes,no,YES
1,error_analysis,C1P14,no,1,0.120435,0,no,no,
1,error_analysis,C1P15,no,2,0.116554,0,no,no,
1,error_analysis,C1P17,yes,3,0.112308,1,yes,yes,
1,error_analysis,C1D11,yes,4,0.106435,1,yes,no,YES
1,error_analysis,C1D23,no,5,0.103644,0,no,no,
1,error_analysis,C1P6,no,6,0.103101,0,no,no,
1,error_analysis,C1D9,no,7,0.096793,0,no,no,
1,error_analysis,C1D24,yes,8,0.091824,0,yes,no,YES
1,error_analysis,C1D31,no,9,0.091488,0,no,no,
1,error_analysis,C1D20,yes,10,0.090082,0,yes,no,YES
1,error_analysis,C1D12,no,11,0.087028,0,no,no,
1,error_analysis,C1D3,no,12,0.086923,0,no,no,
1,error_analysis,C1P13,yes,13,0.084811,1,yes,yes,
1,error_analysis,C1P11,yes,14,0.08218,0,yes,no,YES
1,error_analysis,C1D34,yes,15,0.079607,0,yes,no,YES
1,error_analysis,C1D10,no,16,0.0666,0,no,no,
1,error_analysis,C1D4,no,17,0.065574,0,no,no,
1,error_analysis,C1P16,no,18,0.064516,0,no,no,
1,error_analysis,C1D29,no,19,0.064516,0,no,no,
1,error_analysis,C1D21,no,20,0.061538,0,no,no,
1,error_analysis,C1P19,no,21,0.059701,0,no,no,
1,error_analysis,C1D7,no,22,0.059701,0,no,no,
1,error_analysis,C1D30,no,23,0.059701,0,no,no,
1,error_analysis,C1D5,no,24,0.058824,0,no,no,
1,error_analysis,C1D8,no,25,0.058824,0,no,no,
1,error_analysis,C1D27,no,26,0.057143,0,no,no,
1,error_analysis,C1D14,no,27,0.054795,0,no,no,
1,error_analysis,C1D32,no,28,0.053333,0,no,no,
1,error_analysis,C1D33,no,29,0.053333,0,no,no,
1,error_analysis,C1P9,yes,30,0.052632,1,yes,yes,
1,error_analysis,C1D2,no,31,0.051948,0,no,no,
1,error_analysis,C1D13,no,32,0.051282,0,no,no,
1,error_analysis,C1D6,no,33,0.049383,0,no,no,
1,error_analysis,C1D22,no,34,0.048913,0,no,no,
1,error_analysis,C1P1,no,35,0.045455,0,no,no,
1,error_analysis,C1P4,no,36,0.043011,0,no,no,
1,error_analysis,C1D15,no,37,0.042553,0,no,no,
1,error_analysis,C1D16,no,38,0.041237,0,no,no,
1,error_analysis,C1P7,no,39,0.039216,0,yes,no,NO
1,error_analysis,C1D17,no,40,0.038095,0,no,no,
1,error_analysis,C1D18,no,41,0.038095,0,no,no,
1,error_analysis,C1P12,no,42,0.036697,0,no,no,
1,error_analysis,C1D25,no,43,0.036364,0,no,no,
1,error_analysis,C1P10,no,44,0.019189,0,no,no,
1,error_analysis,C1D26,no,45,0.015934,0,no,no,
1,error_analysis,C1D1,no,46,0.015873,0,no,no,
1,error_analysis,C1P18,no,47,0.009804,0,no,no,
1,error_analysis,C1D19,no,48,0.007194,0,no,no,
1,error_analysis,C1P2,no,49,0.0,0,no,no,
1,error_analysis,C1D28,no,50,0.0,0,no,no,
1,fine_tuning,C1P15,yes,1,0.180376,0,yes,yes,
1,fine_tuning,C1P10,yes,2,0.158451,1,yes,yes,
1,fine_tuning,C1P14,yes,3,0.150792,1,yes,no,YES
1,fine_tuning,C1D10,yes,4,0.139705,1,yes,no,YES
1,fine_tuning,C1D5,yes,5,0.130155,1,yes,no,YES
1,fine_tuning,C1D12,yes,6,0.127127,1,yes,no,YES
1,fine_tuning,C1D3,yes,7,0.122654,1,yes,yes,
1,fine_tuning,C1P6,no,8,0.116554,1,no,no,
1,fine_tuning,C1D26,yes,9,0.116233,1,yes,yes,
1,fine_tuning,C1D23,yes,10,0.107125,1,yes,no,YES
1,fine_tuning,C1D20,yes,11,0.0939,1,yes,no,YES
1,fine_tuning,C1P12,yes,12,0.085193,1,yes,yes,
1,fine_tuning,C1P13,yes,13,0.085077,1,yes,yes,
1,fine_tuning,C1D7,no,14,0.081746,0,no,no,
1,fine_tuning,C1D13,no,15,0.079567,0,no,no,
1,fine_tuning,C1D25,yes,16,0.077604,1,yes,no,YES
1,fine_tuning,C1P19,no,17,0.076032,1,no,no,
1,fine_tuning,C1D21,yes,18,0.066873,1,yes,yes,
1,fine_tuning,C1P11,yes,19,0.064516,1,yes,no,YES
1,fine_tuning,C1D9,no,20,0.064516,0,no,no,
1,fine_tuning,C1D29,no,21,0.063492,0,no,yes,NO
1,fine_tuning,C1D22,yes,22,0.062066,1,yes,yes,
1,fine_tuning,C1D15,yes,23,0.061452,1,yes,yes,
1,fine_tuning,C1D2,yes,24,0.058824,1,yes,yes,
1,fine_tuning,C1P9,no,25,0.058743,1,unclear,no,NO
1,fine_tuning,C1P7,yes,26,0.057971,1,yes,no,YES
1,fine_tuning,C1P2,no,27,0.057143,0,no,no,
1,fine_tuning,C1D6,no,28,0.055556,0,no,no,
1,fine_tuning,C1D31,no,29,0.054795,0,no,no,
1,fine_tuning,C1D8,yes,30,0.054054,1,yes,yes,
1,fine_tuning,C1P1,no,31,0.051282,0,no,no,
1,fine_tuning,C1D14,yes,32,0.051282,1,yes,err,YES
1,fine_tuning,C1D16,yes,33,0.05093,1,yes,yes,
1,fine_tuning,C1P18,yes,34,0.049383,1,yes,yes,
1,fine_tuning,C1D19,no,35,0.04878,0,no,no,
1,fine_tuning,C1D27,no,36,0.04878,0,no,no,
1,fine_tuning,C1P16,unclear,37,0.048193,1,,,
1,fine_tuning,C1P17,yes,38,0.042523,1,yes,yes,
1,fine_tuning,C1D24,no,39,0.041667,0,no,no,
1,fine_tuning,C1D33,no,40,0.04,0,no,no,
1,fine_tuning,C1D4,no,41,0.038462,1,unclear,no,NO
1,fine_tuning,C1D11,no,42,0.037736,0,no,no,
1,fine_tuning,C1D34,yes,43,0.036957,1,yes,yes,
1,fine_tuning,C1D1,no,44,0.015797,0,no,no,
1,fine_tuning,C1D30,no,45,0.014493,0,no,no,
1,fine_tuning,C1D28,no,46,0.01087,0,no,no,
1,fine_tuning,C1P4,no,47,0.009174,0,no,no,
1,fine_tuning,C1D17,no,48,0.009174,0,no,no,
1,fine_tuning,C1D18,no,49,0.0,0,no,no,
1,fine_tuning,C1D32,no,50,0.0,0,no,no,
1,human_eval,C1D7,no,1,0.172597,0,no,no,
1,human_eval,C1D23,no,2,0.117876,0,no,no,
1,human_eval,C1D29,yes,3,0.117368,0,unclear,no,YES
1,human_eval,C1D25,yes,4,0.109136,1,yes,yes,
1,human_eval,C1P14,yes,5,0.106793,0,yes,no,YES
1,human_eval,C1D33,yes,6,0.106583,1,yes,yes,
1,human_eval,C1P19,yes,7,0.105108,1,yes,yes,
1,human_eval,C1P13,yes,8,0.096846,1,yes,no,YES
1,human_eval,C1P16,no,9,0.093113,0,no,no,
1,human_eval,C1D16,no,10,0.087121,0,no,no,
1,human_eval,C1D21,yes,11,0.083415,0,yes,no,YES
1,human_eval,C1D9,no,12,0.079841,0,no,no,
1,human_eval,C1D22,no,13,0.079805,0,no,no,
1,human_eval,C1D19,no,14,0.076711,0,no,no,
1,human_eval,C1D11,yes,15,0.073215,1,yes,no,YES
1,human_eval,C1P9,no,16,0.068523,0,no,no,
1,human_eval,C1P17,no,17,0.065956,0,no,no,
1,human_eval,C1D4,no,18,0.064413,0,no,no,
1,human_eval,C1D5,no,19,0.0625,0,no,no,
1,human_eval,C1D31,yes,20,0.0625,1,yes,yes,
1,human_eval,C1P12,no,21,0.060606,0,no,no,
1,human_eval,C1D15,no,22,0.060606,0,no,no,
1,human_eval,C1P10,no,23,0.060572,0,no,no,
1,human_eval,C1D18,no,24,0.058824,0,no,no,
1,human_eval,C1P6,no,25,0.057143,0,no,no,
1,human_eval,C1P15,no,26,0.056338,0,no,no,
1,human_eval,C1D28,no,27,0.055556,0,no,no,
1,human_eval,C1D27,no,28,0.055089,0,no,no,
1,human_eval,C1D30,no,29,0.05431,0,no,no,
1,human_eval,C1D24,no,30,0.054054,0,no,no,
1,human_eval,C1D26,no,31,0.054054,1,no,no,
1,human_eval,C1D6,no,32,0.052632,0,no,no,
1,human_eval,C1D10,no,33,0.052309,0,no,no,
1,human_eval,C1P18,no,34,0.051948,0,no,no,
1,human_eval,C1D12,no,35,0.051282,0,no,no,
1,human_eval,C1D13,no,36,0.0506,0,no,no,
1,human_eval,C1P7,yes,37,0.05,1,yes,yes,
1,human_eval,C1P1,no,38,0.04878,0,no,no,
1,human_eval,C1D34,no,39,0.043956,0,no,no,
1,human_eval,C1P2,no,40,0.043011,0,no,no,
1,human_eval,C1D20,no,41,0.041237,0,no,no,
1,human_eval,C1D3,no,42,0.04,0,no,no,
1,human_eval,C1D32,no,43,0.038462,0,no,no,
1,human_eval,C1P11,no,44,0.037037,0,no,no,
1,human_eval,C1D1,no,45,0.03575,0,no,no,
1,human_eval,C1P4,no,46,0.031054,0,no,no,
1,human_eval,C1D2,no,47,0.029327,0,no,no,
1,human_eval,C1D8,no,48,0.014925,0,no,no,
1,human_eval,C1D14,no,49,0.013333,0,no,no,
1,human_eval,C1D17,no,50,0.006803,0,no,no,
1,significance,C1D29,no,1,0.173208,0,no,no,
1,significance,C1D11,yes,2,0.162098,1,yes,yes,
1,significance,C1P9,yes,3,0.155219,1,yes,yes,
1,significance,C1P15,no,4,0.152875,0,no,no,
1,significance,C1D33,no,5,0.122316,0,no,no,
1,significance,C1P16,yes,6,0.12224,0,yes,yes,
1,significance,C1D8,no,7,0.118039,0,no,no,
1,significance,C1D16,yes,8,0.108799,1,yes,no,YES
1,significance,C1D19,no,9,0.106686,0,no,no,
1,significance,C1P14,no,10,0.10101,0,no,no,
1,significance,C1P6,yes,11,0.099502,1,yes,yes,
1,significance,C1P12,no,12,0.099228,0,no,no,
1,significance,C1D6,yes,13,0.094771,1,yes,no,YES
1,significance,C1D10,no,14,0.094235,0,no,no,
1,significance,C1D31,yes,15,0.093478,1,yes,no,YES
1,significance,C1D30,no,16,0.084198,0,no,no,
1,significance,C1D9,no,17,0.082771,0,no,no,
1,significance,C1D5,no,18,0.074741,0,no,no,
1,significance,C1D26,no,19,0.073492,0,no,no,
1,significance,C1D4,no,20,0.066545,0,no,no,
1,significance,C1P19,no,21,0.065574,0,no,no,
1,significance,C1P18,no,22,0.063137,0,no,no,
1,significance,C1D20,no,23,0.0625,0,no,no,
1,significance,C1D21,no,24,0.0625,0,no,no,
1,significance,C1P13,yes,25,0.060046,1,yes,yes,
1,significance,C1D22,no,26,0.059701,0,no,no,
1,significance,C1D2,no,27,0.058824,0,no,no,
1,significance,C1P11,no,28,0.057971,0,no,no,
1,significance,C1D28,no,29,0.057971,0,no,no,
1,significance,C1P10,no,30,0.057143,0,no,no,
1,significance,C1D27,no,31,0.056338,0,no,no,
1,significance,C1D13,no,32,0.053333,0,no,no,
1,significance,C1D18,no,33,0.051948,0,no,no,
1,significance,C1P17,no,34,0.051282,0,no,no,
1,significance,C1D12,no,35,0.050633,0,no,no,
1,significance,C1D17,no,36,0.046512,0,no,no,
1,significance,C1D34,no,37,0.046512,0,no,no,
1,significance,C1P1,no,38,0.045455,0,no,no,
1,significance,C1D3,no,39,0.044944,0,no,no,
1,significance,C1D14,no,40,0.044444,0,no,no,
1,significance,C1D15,no,41,0.043956,0,no,no,
1,significance,C1D7,no,42,0.042105,0,no,no,
1,significance,C1D24,no,43,0.041667,0,no,no,
1,significance,C1D32,no,44,0.037037,0,no,no,
1,significance,C1D23,no,45,0.036346,0,no,no,
1,significance,C1P4,no,46,0.029088,0,no,no,
1,significance,C1D1,no,47,0.024383,0,no,no,
1,significance,C1D25,no,48,0.014085,0,no,no,
1,significance,C1P7,no,49,0.009091,0,no,no,
1,significance,C1P2,no,50,0.0,0,no,no,
1,zero_few_shot,C1P15,no,1,0.170906,0,no,no,
1,zero_few_shot,C1D23,no,2,0.143764,0,no,no,
1,zero_few_shot,C1P14,yes,3,0.137228,1,yes,yes,
1,zero_few_shot,C1D15,unclear,4,0.112132,0,,,
1,zero_few_shot,C1D12,yes,5,0.106812,1,yes,no,YES
1,zero_few_shot,C1D13,no,6,0.105903,0,no,no,
1,zero_few_shot,C1D7,no,7,0.103767,0,no,no,
1,zero_few_shot,C1D34,yes,8,0.098566,0,yes,no,YES
1,zero_few_shot,C1P1,no,9,0.093615,0,no,no,
1,zero_few_shot,C1D25,no,10,0.089582,0,no,no,
1,zero_few_shot,C1D10,no,11,0.088865,0,no,no,
1,zero_few_shot,C1D8,no,12,0.085347,0,yes,no,NO
1,zero_few_shot,C1D6,no,13,0.08261,0,no,no,
1,zero_few_shot,C1P17,no,14,0.080389,0,no,no,
1,zero_few_shot,C1D5,no,15,0.079875,0,no,no,
1,zero_few_shot,C1D11,yes,16,0.076069,0,yes,yes,
1,zero_few_shot,C1P6,yes,17,0.074328,1,yes,yes,
1,zero_few_shot,C1P9,yes,18,0.068243,1,yes,yes,
1,zero_few_shot,C1D21,yes,19,0.068226,1,yes,no,YES
1,zero_few_shot,C1D30,yes,20,0.066712,1,yes,yes,
1,zero_few_shot,C1D22,no,21,0.066545,0,no,no,
1,zero_few_shot,C1D20,no,22,0.06394,1,no,no,
1,zero_few_shot,C1D16,no,23,0.062776,0,no,no,
1,zero_few_shot,C1P13,no,24,0.0625,0,no,no,
1,zero_few_shot,C1P11,yes,25,0.061146,1,yes,yes,
1,zero_few_shot,C1D31,no,26,0.061015,0,no,no,
1,zero_few_shot,C1D14,no,27,0.060606,0,no,no,
1,zero_few_shot,C1D3,yes,28,0.054054,1,yes,no,YES
1,zero_few_shot,C1P18,no,29,0.053333,0,no,no,
1,zero_few_shot,C1P10,no,30,0.052632,1,no,no,
1,zero_few_shot,C1P19,no,31,0.049383,0,no,no,
1,zero_few_shot,C1D2,no,32,0.044444,0,no,no,
1,zero_few_shot,C1D19,no,33,0.044444,0,no,no,
1,zero_few_shot,C1D33,no,34,0.042553,0,no,no,
1,zero_few_shot,C1D24,no,35,0.040404,0,no,no,
1,zero_few_shot,C1D18,no,36,0.04,0,no,no,
1,zero_few_shot,C1D28,no,37,0.039216,0,no,no,
1,zero_few_shot,C1D9,no,38,0.037037,0,no,no,
1,zero_few_shot,C1D29,no,39,0.037037,0,no,no,
1,zero_few_shot,C1D26,no,40,0.036364,0,no,no,
1,zero_few_shot,C1P16,no,41,0.019312,0,no,no,
1,zero_few_shot,C1P7,no,42,0.017688,0,no,no,
1,zero_few_shot,C1D1,yes,43,0.012346,1,yes,yes,
1,zero_few_shot,C1P12,no,44,0.010309,0,no,no,
1,zero_few_shot,C1D32,no,45,0.010204,0,no,no,
1,zero_few_shot,C1D4,no,46,0.009524,0,no,no,
1,zero_few_shot,C1D27,no,47,0.006849,0,no,no,
1,zero_few_shot,C1P2,no,48,0.0,0,no,no,
1,zero_few_shot,C1P4,no,49,0.0,0,no,no,
1,zero_few_shot,C1D17,no,50,0.0,0,no,no,
2,ablation,C2D11,yes,1,0.114319,0,yes,yes,
2,ablation,C2D25,yes,2,0.112875,1,yes,no,YES
2,ablation,C2D5,no,3,0.111888,0,no,no,
2,ablation,C2D15,no,4,0.108206,0,no,yes,NO
2,ablation,C2D8,yes,5,0.104092,1,no,err,YES
2,ablation,C2D31,no,6,0.101927,0,no,no,
2,ablation,C2P7,no,7,0.094771,0,no,no,
2,ablation,C2D29,yes,8,0.084387,1,yes,yes,
2,ablation,C2P14,no,9,0.079658,0,no,no,
2,ablation,C2D12,no,10,0.079452,1,no,no,
2,ablation,C2D32,yes,11,0.078732,1,yes,yes,
2,ablation,C2P4,no,12,0.078469,1,no,no,
2,ablation,C2P17,yes,13,0.074617,1,yes,err,YES
2,ablation,C2D2,yes,14,0.071544,1,yes,yes,
2,ablation,C2D13,no,15,0.071439,0,no,no,
2,ablation,C2P15,no,16,0.064696,1,no,no,
2,ablation,C2P20,no,17,0.064516,0,no,no,
2,ablation,C2D30,yes,18,0.064516,1,yes,yes,
2,ablation,C2P18,no,19,0.063095,0,no,no,
2,ablation,C2P9,no,20,0.0625,0,no,no,
2,ablation,C2D17,yes,21,0.0625,1,yes,no,YES
2,ablation,C2D23,yes,22,0.060606,1,yes,no,YES
2,ablation,C2D6,no,23,0.06058,0,no,no,
2,ablation,C2P12,no,24,0.057978,0,no,no,
2,ablation,C2D24,no,25,0.057971,0,no,no,
2,ablation,C2D9,no,26,0.054795,0,no,no,
2,ablation,C2D7,no,27,0.053388,0,no,no,
2,ablation,C2D3,no,28,0.053333,0,no,no,
2,ablation,C2D16,no,29,0.051948,0,no,no,
2,ablation,C2D18,no,30,0.051948,0,no,no,
2,ablation,C2D19,no,31,0.050633,1,no,no,
2,ablation,C2D27,no,32,0.04878,0,no,no,
2,ablation,C2D14,no,33,0.046512,0,no,no,
2,ablation,C2D1,no,34,0.045977,0,no,no,
2,ablation,C2P2,no,35,0.044944,0,no,no,
2,ablation,C2D4,no,36,0.044444,1,no,no,
2,ablation,C2P8,yes,37,0.043478,1,yes,no,YES
2,ablation,C2P11,yes,38,0.04,0,yes,no,YES
2,ablation,C2P10,no,39,0.039216,0,no,no,
2,ablation,C2P16,no,40,0.027106,1,no,no,
2,ablation,C2D28,no,41,0.019676,0,no,no,
2,ablation,C2D21,no,42,0.01878,0,no,no,
2,ablation,C2D10,yes,43,0.014085,1,yes,no,YES
2,ablation,C2P1,yes,44,0.011765,1,yes,yes,
2,ablation,C2D26,no,45,0.010526,0,no,no,
2,ablation,C2P6,no,46,0.007194,0,no,no,
2,ablation,C2P3,no,47,0.0,0,no,no,
2,ablation,C2P13,no,48,0.0,0,no,no,
2,ablation,C2D20,no,49,0.0,0,no,no,
2,ablation,C2D22,no,50,0.0,0,no,no,
2,annotation_cost,C2D1,no,1,0.152788,0,no,no,
2,annotation_cost,C2D11,yes,2,0.148656,1,yes,no,YES
2,annotation_cost,C2D9,no,3,0.123633,0,no,no,
2,annotation_cost,C2P17,no,4,0.122454,0,no,no,
2,annotation_cost,C2P10,yes,5,0.122031,0,yes,no,YES
2,annotation_cost,C2D15,yes,6,0.104278,1,yes,no,YES
2,annotation_cost,C2D29,yes,7,0.103597,1,yes,no,YES
2,annotation_cost,C2P12,no,8,0.103533,0,no,no,
2,annotation_cost,C2D8,no,9,0.091164,0,no,no,
2,annotation_cost,C2D16,yes,10,0.082973,0,yes,no,YES
2,annotation_cost,C2D32,yes,11,0.081239,1,yes,no,YES
2,annotation_cost,C2D27,no,12,0.07219,0,no,no,
2,annotation_cost,C2P7,no,13,0.071227,0,no,no,
2,annotation_cost,C2D3,no,14,0.068408,0,unclear,no,NO
2,annotation_cost,C2P16,no,15,0.067406,1,no,no,
2,annotation_cost,C2D6,yes,16,0.066425,0,yes,no,YES
2,annotation_cost,C2P4,no,17,0.064516,0,no,no,
2,annotation_cost,C2P11,no,18,0.063492,0,no,no,
2,annotation_cost,C2D31,no,19,0.063048,0,no,no,
2,annotation_cost,C2P1,yes,20,0.062149,1,yes,yes,
2,annotation_cost,C2D18,no,21,0.059965,0,no,no,
2,annotation_cost,C2P15,yes,22,0.059701,0,yes,no,YES
2,annotation_cost,C2D10,no,23,0.05754,0,no,no,
2,annotation_cost,C2P9,no,24,0.054795,0,no,no,
2,annotation_cost,C2D25,no,25,0.054054,0,no,no,
2,annotation_cost,C2D17,no,26,0.052524,0,no,no,
2,annotation_cost,C2P6,no,27,0.051282,0,no,no,
2,annotation_cost,C2D2,no,28,0.051042,0,no,no,
2,annotation_cost,C2D19,no,29,0.049383,0,no,no,
2,annotation_cost,C2P13,no,30,0.04878,0,no,no,
2,annotation_cost,C2D22,no,31,0.04878,0,no,no,
2,annotation_cost,C2D23,yes,32,0.045455,0,yes,no,YES
2,annotation_cost,C2P18,no,33,0.044944,0,no,no,
2,annotation_cost,C2D20,no,34,0.044944,0,no,no,
2,annotation_cost,C2P8,no,35,0.043478,0,no,no,
2,annotation_cost,C2D14,no,36,0.043478,0,no,no,
2,annotation_cost,C2P20,yes,37,0.041237,0,yes,no,YES
2,annotation_cost,C2D4,no,38,0.039604,1,no,no,
2,annotation_cost,C2D24,no,39,0.036697,0,no,no,
2,annotation_cost,C2D26,no,40,0.029387,0,no,no,
2,annotation_cost,C2D30,yes,41,0.028259,1,yes,no,YES
2,annotation_cost,C2P14,no,42,0.0236,0,no,no,
2,annotation_cost,C2D13,no,43,0.022431,0,no,no,
2,annotation_cost,C2D28,no,44,0.020177,0,no,no,
2,annotation_cost,C2D7,no,45,0.012195,0,no,no,
2,annotation_cost,C2D5,no,46,0.011111,0,no,no,
2,annotation_cost,C2D12,no,47,0.01,0,no,no,
2,annotation_cost,C2D21,no,48,0.006329,0,no,no,
2,annotation_cost,C2P2,no,49,0.0,0,no,no,
2,annotation_cost,C2P3,no,50,0.0,0,no,err,NO
2,code_release,C2D8,yes,1,0.196457,1,yes,yes,
2,code_release,C2D19,no,2,0.17125,0,no,no,
2,code_release,C2D20,yes,3,0.152888,1,yes,yes,
2,code_release,C2D9,no,4,0.128164,0,no,no,
2,code_release,C2D11,no,5,0.118669,0,no,no,
2,code_release,C2P7,yes,6,0.116161,1,yes,yes,
2,code_release,C2D28,yes,7,0.098563,1,yes,yes,
2,code_release,C2P14,yes,8,0.09846,1,yes,yes,
2,code_release,C2P15,yes,9,0.096779,1,yes,yes,
2,code_release,C2D12,no,10,0.092104,0,no,no,
2,code_release,C2P10,no,11,0.089538,1,no,no,
2,code_release,C2D4,yes,12,0.086225,1,yes,no,YES
2,code_release,C2D10,no,13,0.081481,0,no,no,
2,code_release,C2P1,no,14,0.078521,0,no,no,
2,code_release,C2P4,no,15,0.07588,0,no,no,
2,code_release,C2D14,no,16,0.075487,0,no,no,
2,code_release,C2D24,yes,17,0.074038,1,yes,yes,
2,code_release,C2D27,yes,18,0.07236,1,yes,yes,
2,code_release,C2P20,no,19,0.069986,1,no,no,
2,code_release,C2D13,no,20,0.066317,0,no,no,
2,code_release,C2D5,yes,21,0.064516,1,yes,yes,
2,code_release,C2D15,no,22,0.062926,0,no,no,
2,code_release,C2D6,yes,23,0.061538,1,yes,yes,
2,code_release,C2D7,no,24,0.061538,1,no,no,
2,code_release,C2D2,yes,25,0.059829,1,yes,yes,
2,code_release,C2D23,yes,26,0.059123,1,yes,yes,
2,code_release,C2P8,no,27,0.058824,0,no,no,
2,code_release,C2P11,no,28,0.058729,0,no,no,
2,code_release,C2D30,no,29,0.057143,0,no,no,
2,code_release,C2P13,no,30,0.056338,0,no,no,
2,code_release,C2D26,no,31,0.055556,0,no,no,
2,code_release,C2D31,no,32,0.054467,0,no,no,
2,code_release,C2P16,no,33,0.05348,0,no,no,
2,code_release,C2D3,no,34,0.05339,0,no,no,
2,code_release,C2D17,no,35,0.052632,0,no,no,
2,code_release,C2D21,yes,36,0.052206,1,yes,no,YES
2,code_release,C2D32,no,37,0.05,0,no,no,
2,code_release,C2D1,no,38,0.048193,0,no,no,
2,code_release,C2P2,no,39,0.046927,0,no,no,
2,code_release,C2P17,no,40,0.045623,1,no,no,
2,code_release,C2D29,no,41,0.043478,0,no,no,
2,code_release,C2P18,no,42,0.042105,0,no,no,
2,code_release,C2P12,no,43,0.041667,0,no,no,
2,code_release,C2D25,yes,44,0.039216,1,yes,no,YES
2,code_release,C2D16,yes,45,0.038462,1,yes,no,YES
2,code_release,C2P9,yes,46,0.036364,1,yes,no,YES
2,code_release,C2D18,yes,47,0.02041,1,yes,no,YES
2,code_release,C2D22,no,48,0.009091,0,no,no,
2,code_release,C2P3,no,49,0.0,0,no,no,
2,code_release,C2P6,no,50,0.0,1,no,no,
2,efficiency,C2D8,yes,1,0.223018,0,yes,yes,
2,efficiency,C2D32,no,2,0.116952,0,no,no,
2,efficiency,C2P11,no,3,0.116055,0,no,no,
2,efficiency,C2P16,yes,4,0.113883,0,yes,no,YES
2,efficiency,C2D12,no,5,0.109791,0,no,no,
2,efficiency,C2D11,yes,6,0.107515,0,yes,yes,
2,efficiency,C2D18,no,7,0.09881,0,no,no,
2,efficiency,C2D27,no,8,0.088916,0,no,no,
2,efficiency,C2P18,no,9,0.086591,0,no,no,
2,efficiency,C2D1,no,10,0.083153,0,no,no,
2,efficiency,C2P12,yes,11,0.081981,1,yes,no,YES
2,efficiency,C2D9,no,12,0.080458,0,no,no,
2,efficiency,C2D16,no,13,0.067576,0,no,no,
2,efficiency,C2P15,no,14,0.067133,0,no,no,
2,efficiency,C2D25,no,15,0.066856,0,no,no,
2,efficiency,C2D14,no,16,0.066506,0,no,no,
2,efficiency,C2D20,no,17,0.065171,0,no,no,
2,efficiency,C2P6,no,18,0.064516,0,no,no,
2,efficiency,C2P2,no,19,0.063467,0,no,no,
2,efficiency,C2D17,no,20,0.062937,0,no,no,
2,efficiency,C2D2,no,21,0.0625,0,no,no,
2,efficiency,C2P8,no,22,0.062405,0,no,no,
2,efficiency,C2P20,no,23,0.061744,0,no,no,
2,efficiency,C2D4,no,24,0.059701,0,no,no,
2,efficiency,C2P7,no,25,0.055024,0,no,no,
2,efficiency,C2P13,no,26,0.054286,0,no,no,
2,efficiency,C2P9,no,27,0.053333,0,no,no,
2,efficiency,C2D5,no,28,0.051282,0,no,no,
2,efficiency,C2P4,no,29,0.05,1,no,no,
2,efficiency,C2P17,no,30,0.049383,0,no,no,
2,efficiency,C2D21,no,31,0.04878,0,no,no,
2,efficiency,C2D28,no,32,0.048193,0,no,no,
2,efficiency,C2P10,no,33,0.047059,0,no,no,
2,efficiency,C2D31,no,34,0.046512,0,no,no,
2,efficiency,C2D6,no,35,0.043478,0,no,no,
2,efficiency,C2D7,no,36,0.040816,0,no,no,
2,efficiency,C2D26,no,37,0.040816,0,no,no,
2,efficiency,C2D3,no,38,0.038462,0,no,no,
2,efficiency,C2D13,no,39,0.038095,0,no,err,NO
2,efficiency,C2D15,no,40,0.037265,0,no,no,
2,efficiency,C2D23,no,41,0.02073,0,no,no,
2,efficiency,C2D10,no,42,0.016393,0,no,no,
2,efficiency,C2D29,no,43,0.009259,0,no,no,
2,efficiency,C2P1,no,44,0.007812,0,no,no,
2,efficiency,C2P3,no,45,0.0,0,no,no,
2,efficiency,C2P14,no,46,0.0,0,no,no,
2,efficiency,C2D19,no,47,0.0,0,no,no,
2,efficiency,C2D22,no,48,0.0,0,no,no,
2,efficiency,C2D24,no,49,0.0,0,no,no,
2,efficiency,C2D30,no,50,0.0,0,no,no,
2,error_analysis,C2D2,no,1,0.194631,0,no,no,
2,error_analysis,C2D30,no,2,0.179958,0,no,yes,NO
2,error_analysis,C2D23,yes,3,0.126282,0,yes,yes,
2,error_analysis,C2D8,no,4,0.11544,0,no,no,
2,error_analysis,C2D15,yes,5,0.109456,0,yes,no,YES
2,error_analysis,C2P18,no,6,0.107662,0,no,no,
2,error_analysis,C2D20,no,7,0.106188,0,no,no,
2,error_analysis,C2D18,no,8,0.102734,0,no,no,
2,error_analysis,C2D7,no,9,0.094433,0,no,no,
2,error_analysis,C2D21,no,10,0.089888,0,no,no,
2,error_analysis,C2D11,no,11,0.089455,0,no,no,
2,error_analysis,C2P11,no,12,0.088598,0,no,no,
2,error_analysis,C2P1,no,13,0.076529,0,no,no,
2,error_analysis,C2D16,no,14,0.07369,0,no,err,NO
2,error_analysis,C2D24,no,15,0.068069,0,no,no,
2,error_analysis,C2P10,no,16,0.064925,0,no,no,
2,error_analysis,C2D29,no,17,0.063158,0,no,no,
2,error_analysis,C2P6,no,18,0.0625,0,no,no,
2,error_analysis,C2D12,no,19,0.0625,0,no,no,
2,error_analysis,C2P15,yes,20,0.062277,1,yes,yes,
2,error_analysis,C2P7,no,21,0.061905,1,no,no,
2,error_analysis,C2D32,no,22,0.057143,0,no,no,
2,error_analysis,C2P17,no,23,0.054795,0,no,no,
2,error_analysis,C2D5,no,24,0.054057,0,no,no,
2,error_analysis,C2D9,no,25,0.053333,0,no,no,
2,error_analysis,C2P2,no,26,0.052632,0,no,no,
2,error_analysis,C2D1,no,27,0.051282,0,no,no,
2,error_analysis,C2P9,no,28,0.05,0,no,no,
2,error_analysis,C2P20,no,29,0.05,0,no,no,
2,error_analysis,C2D13,no,30,0.049383,0,no,no,
2,error_analysis,C2D3,no,31,0.04878,0,no,no,
2,error_analysis,C2P12,no,32,0.048193,0,no,no,
2,error_analysis,C2D4,no,33,0.047619,0,no,no,
2,error_analysis,C2D14,no,34,0.041667,0,no,no,
2,error_analysis,C2P16,no,35,0.040404,0,no,err,NO
2,error_analysis,C2D17,no,36,0.040404,0,no,no,
2,error_analysis,C2D10,no,37,0.039604,0,no,no,
2,error_analysis,C2P13,no,38,0.038095,0,no,no,
2,error_analysis,C2D25,no,39,0.036364,0,no,no,
2,error_analysis,C2D28,no,40,0.030401,0,no,no,
2,error_analysis,C2D26,no,41,0.027652,0,no,no,
2,error_analysis,C2D22,no,42,0.027584,0,no,no,
2,error_analysis,C2D6,no,43,0.027212,0,no,no,
2,error_analysis,C2D27,yes,44,0.02041,0,yes,no,YES
2,error_analysis,C2P14,no,45,0.0125,0,no,no,
2,error_analysis,C2P4,no,46,0.009615,0,no,no,
2,error_analysis,C2P3,no,47,0.0,0,no,no,
2,error_analysis,C2P8,yes,48,0.0,1,yes,no,YES
2,error_analysis,C2D19,no,49,0.0,0,no,no,
2,error_analysis,C2D31,no,50,0.0,0,no,no,
2,fine_tuning,C2D8,no,1,0.131787,0,no,no,
2,fine_tuning,C2D6,yes,2,0.12657,1,yes,yes,
2,fine_tuning,C2P12,yes,3,0.11899,1,yes,yes,
2,fine_tuning,C2P1,yes,4,0.118296,1,yes,yes,
2,fine_tuning,C2D31,yes,5,0.111455,1,yes,yes,
2,fine_tuning,C2D10,yes,6,0.098826,1,yes,yes,
2,fine_tuning,C2D12,yes,7,0.095659,1,yes,yes,
2,fine_tuning,C2P7,yes,8,0.095008,1,yes,no,YES
2,fine_tuning,C2P11,no,9,0.088008,1,unclear,no,NO
2,fine_tuning,C2D5,yes,10,0.086793,1,yes,yes,
2,fine_tuning,C2P14,yes,11,0.08356,1,yes,yes,
2,fine_tuning,C2D4,yes,12,0.08068,1,yes,yes,
2,fine_tuning,C2P20,yes,13,0.07413,0,yes,no,YES
2,fine_tuning,C2D32,yes,14,0.065873,1,yes,no,YES
2,fine_tuning,C2P6,no,15,0.065574,1,yes,no,NO
2,fine_tuning,C2D11,yes,16,0.063885,0,yes,yes,
2,fine_tuning,C2D13,no,17,0.062821,0,no,no,
2,fine_tuning,C2D17,yes,18,0.0625,1,yes,yes,
2,fine_tuning,C2P17,yes,19,0.058985,1,yes,yes,
2,fine_tuning,C2D30,yes,20,0.057971,1,yes,yes,
2,fine_tuning,C2D7,yes,21,0.054795,1,yes,no,YES
2,fine_tuning,C2D26,yes,22,0.051282,1,yes,yes,
2,fine_tuning,C2D19,yes,23,0.050633,0,yes,yes,
2,fine_tuning,C2P2,no,24,0.04878,0,no,no,
2,fine_tuning,C2D25,yes,25,0.045977,1,yes,no,YES
2,fine_tuning,C2D24,no,26,0.045543,0,no,no,
2,fine_tuning,C2D21,yes,27,0.044944,1,yes,no,YES
2,fine_tuning,C2D9,yes,28,0.043956,1,yes,yes,
2,fine_tuning,C2D29,yes,29,0.043011,1,yes,yes,
2,fine_tuning,C2D20,yes,30,0.042553,1,yes,yes,
2,fine_tuning,C2D1,no,31,0.041667,0,no,no,
2,fine_tuning,C2D3,yes,32,0.041237,1,yes,yes,
2,fine_tuning,C2P9,no,33,0.040404,0,no,no,
2,fine_tuning,C2P10,no,34,0.04,0,no,no,
2,fine_tuning,C2D28,yes,35,0.04,0,yes,no,YES
2,fine_tuning,C2D2,yes,36,0.039733,1,yes,yes,
2,fine_tuning,C2P4,yes,37,0.039216,1,yes,yes,
2,fine_tuning,C2P16,no,38,0.038835,0,no,no,
2,fine_tuning,C2D15,yes,39,0.038835,1,yes,yes,
2,fine_tuning,C2D18,yes,40,0.037736,1,yes,yes,
2,fine_tuning,C2D27,yes,41,0.037383,0,yes,no,YES
2,fine_tuning,C2D14,yes,42,0.037037,1,yes,yes,
2,fine_tuning,C2P8,yes,43,0.036364,1,yes,yes,
2,fine_tuning,C2P18,no,44,0.036364,0,no,no,
2,fine_tuning,C2D23,yes,45,0.023533,1,yes,no,YES
2,fine_tuning,C2P15,yes,46,0.02142,1,yes,yes,
2,fine_tuning,C2P3,no,47,0.0,0,no,no,
2,fine_tuning,C2P13,no,48,0.0,0,no,no,
2,fine_tuning,C2D16,yes,49,0.0,1,yes,yes,
2,fine_tuning,C2D22,no,50,0.0,0,unclear,no,NO
2,human_eval,C2P11,yes,1,0.15796,0,yes,yes,
2,human_eval,C2D11,yes,2,0.154838,0,yes,yes,
2,human_eval,C2P2,yes,3,0.148214,1,yes,yes,
2,human_eval,C2D18,yes,4,0.130032,1,yes,yes,
2,human_eval,C2D14,no,5,0.127072,0,no,no,
2,human_eval,C2P1,yes,6,0.10793,0,yes,yes,
2,human_eval,C2D9,no,7,0.105336,0,no,yes,NO
2,human_eval,C2P16,yes,8,0.097087,1,yes,yes,
2,human_eval,C2D6,no,9,0.085929,0,no,no,
2,human_eval,C2D24,no,10,0.081345,0,no,no,
2,human_eval,C2D32,no,11,0.079866,0,no,no,
2,human_eval,C2D8,yes,12,0.079687,0,yes,no,YES
2,human_eval,C2D5,no,13,0.072118,0,no,no,
2,human_eval,C2P14,no,14,0.071891,0,no,no,
2,human_eval,C2D1,no,15,0.065574,0,no,no,
2,human_eval,C2D19,no,16,0.065574,0,no,no,
2,human_eval,C2D13,no,17,0.064516,0,no,no,
2,human_eval,C2D25,no,18,0.064516,0,no,no,
2,human_eval,C2D16,no,19,0.063492,0,no,no,
2,human_eval,C2D20,no,20,0.058824,0,no,no,
2,human_eval,C2D23,no,21,0.056818,0,no,no,
2,human_eval,C2P8,no,22,0.054795,0,no,no,
2,human_eval,C2D30,no,23,0.051948,0,no,no,
2,human_eval,C2D31,yes,24,0.051948,1,yes,yes,
2,human_eval,C2P7,no,25,0.05155,0,no,no,
2,human_eval,C2P10,no,26,0.050989,0,no,no,
2,human_eval,C2D29,no,27,0.050633,0,no,no,
2,human_eval,C2D28,no,28,0.050169,0,no,no,
2,human_eval,C2D2,no,29,0.049383,0,no,no,
2,human_eval,C2D15,no,30,0.04931,0,no,no,
2,human_eval,C2D7,no,31,0.047059,0,no,no,
2,human_eval,C2D17,no,32,0.045717,0,no,no,
2,human_eval,C2D22,no,33,0.045455,0,no,no,
2,human_eval,C2D12,no,34,0.043478,0,no,no,
2,human_eval,C2P20,no,35,0.042144,0,no,no,
2,human_eval,C2D3,no,36,0.041667,0,no,no,
2,human_eval,C2P18,yes,37,0.04,1,yes,no,YES
2,human_eval,C2D4,no,38,0.039216,0,no,no,
2,human_eval,C2D10,no,39,0.039216,0,no,no,
2,human_eval,C2D26,no,40,0.035799,0,no,no,
2,human_eval,C2D21,no,41,0.031987,0,no,no,
2,human_eval,C2D27,yes,42,0.029139,1,yes,yes,
2,human_eval,C2P17,no,43,0.019398,0,no,no,
2,human_eval,C2P4,no,44,0.018883,0,no,no,
2,human_eval,C2P9,no,45,0.010753,0,no,no,
2,human_eval,C2P12,no,46,0.010638,0,no,no,
2,human_eval,C2P15,no,47,0.010638,0,no,no,
2,human_eval,C2P6,no,48,0.007692,0,no,no,
2,human_eval,C2P3,no,49,0.0,0,no,no,
2,human_eval,C2P13,no,50,0.0,0,no,no,
2,knowledge_distill,C2D17,yes,1,0.228714,1,yes,yes,
2,knowledge_distill,C2D11,yes,2,0.189208,0,yes,yes,
2,knowledge_distill,C2P15,yes,3,0.155436,1,yes,yes,
2,knowledge_distill,C2P12,yes,4,0.143581,1,yes,yes,
2,knowledge_distill,C2D15,yes,5,0.129238,1,yes,yes,
2,knowledge_distill,C2D1,no,6,0.127805,0,unclear,no,NO
2,knowledge_distill,C2D13,no,7,0.112346,0,no,no,
2,knowledge_distill,C2D8,no,8,0.110518,0,no,no,
2,knowledge_distill,C2P7,yes,9,0.107602,0,yes,yes,
2,knowledge_distill,C2P1,no,10,0.092796,0,no,no,
2,knowledge_distill,C2D5,no,11,0.071485,0,no,no,
2,knowledge_distill,C2P9,no,12,0.064103,0,no,no,
2,knowledge_distill,C2D29,no,13,0.0625,0,no,no,
2,knowledge_distill,C2D3,no,14,0.060909,0,no,no,
2,knowledge_distill,C2D16,no,15,0.059701,0,no,no,
2,knowledge_distill,C2D31,no,16,0.058824,0,no,no,
2,knowledge_distill,C2D19,no,17,0.057143,0,no,no,
2,knowledge_distill,C2P10,no,18,0.054795,0,no,no,
2,knowledge_distill,C2D25,no,19,0.054054,0,no,no,
2,knowledge_distill,C2P8,no,20,0.051948,0,no,no,
2,knowledge_distill,C2D9,no,21,0.05,0,no,no,
2,knowledge_distill,C2P6,no,22,0.049383,0,no,no,
2,knowledge_distill,C2D6,no,23,0.048193,0,no,no,
2,knowledge_distill,C2P20,no,24,0.045455,0,no,no,
2,knowledge_distill,C2D26,no,25,0.041237,0,no,no,
2,knowledge_distill,C2P16,no,26,0.040404,0,no,no,
2,knowledge_distill,C2D2,no,27,0.039216,0,no,no,
2,knowledge_distill,C2D12,no,28,0.038835,0,no,no,
2,knowledge_distill,C2P14,no,29,0.038095,0,no,no,
2,knowledge_distill,C2D4,no,30,0.036697,0,no,no,
2,knowledge_distill,C2D28,no,31,0.031865,0,no,no,
2,knowledge_distill,C2D18,no,32,0.024223,0,no,no,
2,knowledge_distill,C2D24,no,33,0.020971,0,no,no,
2,knowledge_distill,C2D10,no,34,0.020928,0,no,no,
2,knowledge_distill,C2D7,no,35,0.020513,0,no,no,
2,knowledge_distill,C2D22,no,36,0.020513,0,no,no,
2,knowledge_distill,C2P17,no,37,0.018806,0,no,no,
2,knowledge_distill,C2D23,no,38,0.011765,1,no,yes,NO
2,knowledge_distill,C2D27,no,39,0.010638,0,no,no,
2,knowledge_distill,C2D32,no,40,0.010638,0,no,no,
2,knowledge_distill,C2P13,no,41,0.009615,0,no,no,
2,knowledge_distill,C2P11,no,42,0.00813,0,no,no,
2,knowledge_distill,C2D21,no,43,0.006579,0,no,yes,NO
2,knowledge_distill,C2P2,no,44,0.0,0,no,no,
2,knowledge_distill,C2P3,no,45,0.0,0,no,no,
2,knowledge_distill,C2P4,no,46,0.0,0,no,no,
2,knowledge_distill,C2P18,no,47,0.0,0,no,no,
2,knowledge_distill,C2D14,no,48,0.0,0,no,no,
2,knowledge_distill,C2D20,no,49,0.0,0,no,no,
2,knowledge_distill,C2D30,no,50,0.0,0,no,no,
2,multilingual,C2D25,yes,1,0.220909,0,yes,yes,
2,multilingual,C2D2,no,2,0.164805,0,no,no,
2,multilingual,C2D9,yes,3,0.157257,1,yes,yes,
2,multilingual,C2D7,yes,4,0.150259,0,yes,no,YES
2,multilingual,C2P4,yes,5,0.145664,0,yes,err,YES
2,multilingual,C2P17,yes,6,0.135534,1,yes,yes,
2,multilingual,C2D10,yes,7,0.131362,0,yes,no,YES
2,multilingual,C2D8,no,8,0.120387,0,no,no,
2,multilingual,C2D11,no,9,0.092236,0,no,no,
2,multilingual,C2P18,no,10,0.082541,0,no,no,
2,multilingual,C2D1,no,11,0.072462,0,no,no,
2,multilingual,C2P20,no,12,0.069028,0,no,no,
2,multilingual,C2D16,no,13,0.068056,0,no,no,
2,multilingual,C2P1,no,14,0.067898,0,no,no,
2,multilingual,C2D32,no,15,0.063492,0,no,no,
2,multilingual,C2D27,yes,16,0.055029,0,yes,no,YES
2,multilingual,C2D6,no,17,0.053333,0,no,no,
2,multilingual,C2D26,no,18,0.051948,0,no,no,
2,multilingual,C2D17,no,19,0.051282,0,no,no,
2,multilingual,C2P8,yes,20,0.050633,1,yes,yes,
2,multilingual,C2D31,no,21,0.048193,0,no,no,
2,multilingual,C2P6,no,22,0.046512,0,no,no,
2,multilingual,C2P10,no,23,0.040816,0,no,no,
2,multilingual,C2D30,no,24,0.04,0,no,no,
2,multilingual,C2P12,no,25,0.039216,0,no,no,
2,multilingual,C2D14,no,26,0.038462,0,no,no,
2,multilingual,C2D12,yes,27,0.037037,1,yes,no,YES
2,multilingual,C2D20,no,28,0.036364,0,no,no,
2,multilingual,C2D21,no,29,0.032622,0,no,no,
2,multilingual,C2P7,no,30,0.030018,0,no,no,
2,multilingual,C2D28,no,31,0.029877,0,no,no,
2,multilingual,C2D18,no,32,0.026257,0,no,no,
2,multilingual,C2D3,no,33,0.023297,0,no,no,
2,multilingual,C2D23,no,34,0.021236,0,no,no,
2,multilingual,C2D15,no,35,0.016559,0,no,no,
2,multilingual,C2D5,no,36,0.016393,0,no,no,
2,multilingual,C2P2,no,37,0.012658,0,no,no,
2,multilingual,C2P13,no,38,0.010526,0,no,no,
2,multilingual,C2P3,no,39,0.010417,0,no,no,
2,multilingual,C2P9,no,40,0.009434,0,no,no,
2,multilingual,C2D22,no,41,0.009259,0,no,no,
2,multilingual,C2D19,no,42,0.007519,0,no,no,
2,multilingual,C2P11,no,43,0.006993,0,no,no,
2,multilingual,C2D29,no,44,0.006849,0,no,no,
2,multilingual,C2D13,no,45,0.006579,0,no,no,
2,multilingual,C2D24,no,46,0.006289,0,no,no,
2,multilingual,C2P14,no,47,0.0,0,no,no,
2,multilingual,C2P15,no,48,0.0,0,no,no,
2,multilingual,C2P16,no,49,0.0,0,no,no,
2,multilingual,C2D4,no,50,0.0,0,no,no,
2,prompt_eng,C2D11,yes,1,0.158671,0,yes,yes,
2,prompt_eng,C2D8,no,2,0.127327,0,no,yes,NO
2,prompt_eng,C2D26,yes,3,0.123477,1,yes,yes,
2,prompt_eng,C2D28,no,4,0.122222,0,no,no,
2,prompt_eng,C2D25,no,5,0.110476,0,no,no,
2,prompt_eng,C2D3,no,6,0.108799,1,no,no,
2,prompt_eng,C2D19,no,7,0.09801,0,no,no,
2,prompt_eng,C2D6,no,8,0.093075,1,no,no,
2,prompt_eng,C2D14,no,9,0.0889,0,no,no,
2,prompt_eng,C2D24,no,10,0.087313,0,no,no,
2,prompt_eng,C2D13,yes,11,0.080258,1,yes,err,YES
2,prompt_eng,C2D32,yes,12,0.076735,0,yes,yes,
2,prompt_eng,C2D17,no,13,0.074696,0,no,no,
2,prompt_eng,C2D29,no,14,0.06978,0,no,yes,NO
2,prompt_eng,C2P10,yes,15,0.069295,1,yes,no,YES
2,prompt_eng,C2P12,no,16,0.066667,0,no,no,
2,prompt_eng,C2D30,no,17,0.066506,0,no,no,
2,prompt_eng,C2D21,no,18,0.065574,0,no,no,
2,prompt_eng,C2D15,no,19,0.064711,0,no,no,
2,prompt_eng,C2P7,no,20,0.064516,0,no,no,
2,prompt_eng,C2D5,no,21,0.064516,0,no,no,
2,prompt_eng,C2D4,no,22,0.059358,0,no,no,
2,prompt_eng,C2D20,no,23,0.057971,0,no,no,
2,prompt_eng,C2D22,no,24,0.057143,0,no,no,
2,prompt_eng,C2P11,no,25,0.055556,0,no,no,
2,prompt_eng,C2D23,no,26,0.054153,0,no,no,
2,prompt_eng,C2P8,no,27,0.052632,0,no,no,
2,prompt_eng,C2P14,no,28,0.052632,0,no,no,
2,prompt_eng,C2P15,no,29,0.051948,0,no,yes,NO
2,prompt_eng,C2D27,no,30,0.051282,0,no,no,
2,prompt_eng,C2D10,no,31,0.049383,1,no,no,
2,prompt_eng,C2D31,no,32,0.048193,0,no,no,
2,prompt_eng,C2P2,no,33,0.047619,0,no,no,
2,prompt_eng,C2D12,no,34,0.045977,1,no,no,
2,prompt_eng,C2P13,no,35,0.042553,0,no,no,
2,prompt_eng,C2P1,no,36,0.042016,1,no,no,
2,prompt_eng,C2P18,no,37,0.041667,0,no,no,
2,prompt_eng,C2D2,no,38,0.041383,0,no,yes,NO
2,prompt_eng,C2P16,no,39,0.036364,0,no,no,
2,prompt_eng,C2D7,no,40,0.022497,0,no,no,
2,prompt_eng,C2P4,no,41,0.012195,0,no,no,
2,prompt_eng,C2P17,no,42,0.010638,0,no,no,
2,prompt_eng,C2D1,no,43,0.009901,0,no,no,
2,prompt_eng,C2P3,no,44,0.0,0,no,no,
2,prompt_eng,C2P6,no,45,0.0,1,no,no,
2,prompt_eng,C2P9,no,46,0.0,0,no,no,
2,prompt_eng,C2P20,no,47,0.0,0,no,no,
2,prompt_eng,C2D9,no,48,0.0,0,no,no,
2,prompt_eng,C2D16,no,49,0.0,1,no,no,
2,prompt_eng,C2D18,no,50,0.0,0,no,no,
2,significance,C2D8,yes,1,0.140534,1,yes,yes,
2,significance,C2D11,no,2,0.131884,0,no,no,
2,significance,C2D31,yes,3,0.120971,1,yes,yes,
2,significance,C2P10,yes,4,0.10961,1,yes,no,YES
2,significance,C2P2,yes,5,0.10101,1,yes,no,YES
2,significance,C2P12,yes,6,0.093078,1,yes,no,YES
2,significance,C2D12,yes,7,0.091667,1,yes,yes,
2,significance,C2P7,yes,8,0.082013,1,yes,yes,
2,significance,C2P20,yes,9,0.081967,1,yes,no,YES
2,significance,C2P1,yes,10,0.081703,0,yes,no,YES
2,significance,C2D10,no,11,0.075716,0,no,no,
2,significance,C2D2,no,12,0.074548,0,no,no,
2,significance,C2D17,no,13,0.06699,0,no,no,
2,significance,C2D32,no,14,0.064828,0,no,no,
2,significance,C2P11,no,15,0.064614,0,no,no,
2,significance,C2P9,yes,16,0.0625,1,yes,yes,
2,significance,C2D5,no,17,0.061538,0,no,no,
2,significance,C2D9,yes,18,0.058824,0,yes,yes,
2,significance,C2D27,no,19,0.058474,0,no,no,
2,significance,C2D3,no,20,0.057143,0,no,no,
2,significance,C2P17,no,21,0.056443,0,no,no,
2,significance,C2P14,no,22,0.056338,0,no,no,
2,significance,C2D6,unclear,23,0.053872,0,,,
2,significance,C2D19,no,24,0.053333,1,no,no,
2,significance,C2D25,no,25,0.053333,0,no,no,
2,significance,C2P4,no,26,0.052632,1,no,no,
2,significance,C2D21,no,27,0.052632,0,no,no,
2,significance,C2D16,no,28,0.051948,0,no,no,
2,significance,C2D29,no,29,0.051899,0,no,no,
2,significance,C2D26,yes,30,0.051282,1,yes,yes,
2,significance,C2D14,no,31,0.05,0,no,no,
2,significance,C2D7,no,32,0.049383,0,no,no,
2,significance,C2D15,no,33,0.047059,0,no,no,
2,significance,C2D30,no,34,0.047059,0,no,no,
2,significance,C2D1,no,35,0.046512,0,no,no,
2,significance,C2D23,no,36,0.045977,0,no,no,
2,significance,C2P18,no,37,0.042553,0,no,no,
2,significance,C2D18,no,38,0.040816,0,no,no,
2,significance,C2P6,yes,39,0.039604,0,yes,no,YES
2,significance,C2D24,yes,40,0.037383,0,yes,no,YES
2,significance,C2D20,no,41,0.033199,0,no,no,
2,significance,C2P15,no,42,0.025649,0,no,no,
2,significance,C2P8,no,43,0.020495,0,no,no,
2,significance,C2D13,no,44,0.014925,0,no,no,
2,significance,C2D4,no,45,0.010638,0,no,no,
2,significance,C2P16,yes,46,0.010417,0,yes,no,YES
2,significance,C2D22,no,47,0.009346,0,no,no,
2,significance,C2P3,no,48,0.0,0,no,no,
2,significance,C2P13,no,49,0.0,0,no,no,
2,significance,C2D28,no,50,0.0,0,no,no,
2,zero_few_shot,C2D32,no,1,0.140356,1,no,no,
2,zero_few_shot,C2D6,yes,2,0.124248,1,yes,yes,
2,zero_few_shot,C2P6,yes,3,0.119012,0,yes,yes,
2,zero_few_shot,C2D12,no,4,0.118228,0,no,no,
2,zero_few_shot,C2D3,yes,5,0.113497,0,yes,no,YES
2,zero_few_shot,C2D27,yes,6,0.112308,1,yes,yes,
2,zero_few_shot,C2D14,no,7,0.105983,0,no,no,
2,zero_few_shot,C2D21,no,8,0.102564,0,no,no,
2,zero_few_shot,C2D5,no,9,0.101553,1,no,no,
2,zero_few_shot,C2D8,no,10,0.097959,1,no,no,
2,zero_few_shot,C2D11,no,11,0.091097,1,no,no,
2,zero_few_shot,C2D7,no,12,0.086683,0,no,no,
2,zero_few_shot,C2P15,no,13,0.069325,0,no,no,
2,zero_few_shot,C2P16,no,14,0.068532,0,no,no,
2,zero_few_shot,C2D16,no,15,0.066324,0,no,no,
2,zero_few_shot,C2P14,no,16,0.065953,0,no,no,
2,zero_few_shot,C2D9,no,17,0.064697,0,no,no,
2,zero_few_shot,C2D29,no,18,0.0625,0,no,yes,NO
2,zero_few_shot,C2D18,no,19,0.061538,0,no,no,
2,zero_few_shot,C2D2,no,20,0.060606,1,no,no,
2,zero_few_shot,C2D22,no,21,0.060606,0,no,no,
2,zero_few_shot,C2D28,no,22,0.060396,0,no,no,
2,zero_few_shot,C2D13,yes,23,0.059701,1,yes,yes,
2,zero_few_shot,C2D26,yes,24,0.058998,1,yes,yes,
2,zero_few_shot,C2D25,no,25,0.058824,0,yes,no,NO
2,zero_few_shot,C2P1,no,26,0.057971,1,no,no,
2,zero_few_shot,C2P17,no,27,0.057971,0,no,no,
2,zero_few_shot,C2D20,yes,28,0.057971,1,yes,yes,
2,zero_few_shot,C2P7,no,29,0.057143,0,no,no,
2,zero_few_shot,C2P8,yes,30,0.057143,1,yes,yes,
2,zero_few_shot,C2D17,no,31,0.055556,0,no,no,
2,zero_few_shot,C2P18,no,32,0.051948,0,no,no,
2,zero_few_shot,C2D4,yes,33,0.051948,1,yes,no,YES
2,zero_few_shot,C2P20,no,34,0.050753,0,no,no,
2,zero_few_shot,C2P9,no,35,0.050633,0,no,no,
2,zero_few_shot,C2P4,yes,36,0.049383,1,yes,yes,
2,zero_few_shot,C2P11,no,37,0.049383,0,no,no,
2,zero_few_shot,C2P12,no,38,0.047619,0,no,no,
2,zero_few_shot,C2D31,yes,39,0.047059,1,yes,yes,
2,zero_few_shot,C2D23,no,40,0.042105,0,no,no,
2,zero_few_shot,C2D1,no,41,0.037037,0,no,no,
2,zero_few_shot,C2D19,no,42,0.02386,0,no,no,
2,zero_few_shot,C2P10,unclear,43,0.017543,1,,,
2,zero_few_shot,C2D10,no,44,0.010989,0,no,no,
2,zero_few_shot,C2D15,yes,45,0.00813,1,yes,yes,
2,zero_few_shot,C2D24,no,46,0.008065,0,no,no,
2,zero_few_shot,C2P2,no,47,0.0,0,no,no,
2,zero_few_shot,C2P3,no,48,0.0,0,no,no,
2,zero_few_shot,C2P13,no,49,0.0,0,no,no,
2,zero_few_shot,C2D30,no,50,0.0,0,no,no,
3,ablation,C3D24,yes,1,0.146343,1,yes,yes,
3,ablation,C3P8,no,2,0.137079,0,no,no,
3,ablation,C3D5,no,3,0.126465,1,no,no,
3,ablation,C3D1,no,4,0.124919,0,no,no,
3,ablation,C3D29,yes,5,0.114012,1,yes,yes,
3,ablation,C3P17,yes,6,0.112554,1,yes,yes,
3,ablation,C3D18,no,7,0.102067,0,no,no,
3,ablation,C3D37,unclear,8,0.101141,1,,,
3,ablation,C3D28,no,9,0.090447,0,no,no,
3,ablation,C3D21,no,10,0.085584,0,no,no,
3,ablation,C3D33,no,11,0.080645,0,no,no,
3,ablation,C3D7,no,12,0.080491,0,no,no,
3,ablation,C3D9,no,13,0.078921,0,no,no,
3,ablation,C3D3,yes,14,0.078802,1,yes,yes,
3,ablation,C3P1,no,15,0.074495,0,no,yes,NO
3,ablation,C3P5,yes,16,0.069853,1,yes,no,YES
3,ablation,C3D35,no,17,0.0625,0,no,no,
3,ablation,C3P7,yes,18,0.061538,0,yes,yes,
3,ablation,C3D4,no,19,0.06044,1,unclear,no,NO
3,ablation,C3D36,no,20,0.058642,1,no,no,
3,ablation,C3D19,yes,21,0.05863,1,yes,yes,
3,ablation,C3P14,yes,22,0.057971,1,yes,yes,
3,ablation,C3D15,no,23,0.057139,0,no,no,
3,ablation,C3D27,no,24,0.056338,0,no,no,
3,ablation,C3D30,no,25,0.054795,0,no,no,
3,ablation,C3D34,no,26,0.054795,0,no,no,
3,ablation,C3P20,no,27,0.051282,0,no,no,
3,ablation,C3D26,no,28,0.051282,0,no,no,
3,ablation,C3D16,no,29,0.05,0,no,no,
3,ablation,C3D32,yes,30,0.05,1,yes,yes,
3,ablation,C3D12,no,31,0.048193,0,no,no,
3,ablation,C3P6,no,32,0.047354,0,no,no,
3,ablation,C3D31,no,33,0.044444,0,no,no,
3,ablation,C3P11,no,34,0.043011,0,no,no,
3,ablation,C3D20,no,35,0.041667,1,no,no,
3,ablation,C3P2,no,36,0.040483,1,no,no,
3,ablation,C3D8,no,37,0.038462,0,no,no,
3,ablation,C3P3,yes,38,0.037736,1,yes,yes,
3,ablation,C3D6,no,39,0.037037,0,no,no,
3,ablation,C3P13,no,40,0.036364,0,no,no,
3,ablation,C3D10,no,41,0.021739,0,no,no,
3,ablation,C3D11,yes,42,0.014085,0,yes,err,YES
3,ablation,C3D13,no,43,0.013333,0,no,no,
3,ablation,C3D25,no,44,0.012987,0,no,no,
3,ablation,C3D22,yes,45,0.012048,0,yes,no,YES
3,ablation,C3D2,no,46,0.010526,1,no,no,
3,ablation,C3D14,no,47,0.009901,1,no,no,
3,ablation,C3D23,no,48,0.007576,0,no,no,
3,ablation,C3P12,no,49,0.0,0,no,no,
3,ablation,C3D17,no,50,0.0,0,no,no,
3,case_study,C3D16,yes,1,0.15669,0,yes,no,YES
3,case_study,C3P13,yes,2,0.123119,0,yes,no,YES
3,case_study,C3D26,no,3,0.105178,1,no,no,
3,case_study,C3D20,no,4,0.104549,0,no,no,
3,case_study,C3P8,yes,5,0.099475,0,yes,yes,
3,case_study,C3P6,no,6,0.097575,0,no,no,
3,case_study,C3D2,no,7,0.095577,0,no,no,
3,case_study,C3D6,yes,8,0.09,1,yes,no,YES
3,case_study,C3D19,no,9,0.088683,0,no,no,
3,case_study,C3D3,no,10,0.080663,0,no,no,
3,case_study,C3D35,no,11,0.073034,0,no,no,
3,case_study,C3D33,no,12,0.072669,0,no,no,
3,case_study,C3D12,yes,13,0.069252,1,yes,no,YES
3,case_study,C3D37,no,14,0.068309,0,no,no,
3,case_study,C3P7,no,15,0.067826,0,no,no,
3,case_study,C3D22,no,16,0.066667,0,no,no,
3,case_study,C3D14,no,17,0.065574,0,no,no,
3,case_study,C3D18,no,18,0.064516,0,no,no,
3,case_study,C3P20,no,19,0.063492,0,no,no,
3,case_study,C3D4,no,20,0.063492,0,no,no,
3,case_study,C3D5,no,21,0.062152,0,no,no,
3,case_study,C3D1,no,22,0.061538,0,no,no,
3,case_study,C3P2,yes,23,0.060606,1,yes,yes,
3,case_study,C3D32,no,24,0.060606,0,no,no,
3,case_study,C3P3,no,25,0.059701,0,yes,err,NO
3,case_study,C3P12,no,26,0.059701,0,no,no,
3,case_study,C3P1,no,27,0.058856,0,no,no,
3,case_study,C3D31,no,28,0.058824,0,no,no,
3,case_study,C3D13,no,29,0.058584,0,no,no,
3,case_study,C3D17,no,30,0.058137,0,no,no,
3,case_study,C3D7,no,31,0.057143,0,no,no,
3,case_study,C3D9,no,32,0.054748,0,no,no,
3,case_study,C3D29,no,33,0.051948,0,no,no,
3,case_study,C3D23,no,34,0.050896,0,no,no,
3,case_study,C3D24,no,35,0.05,0,no,no,
3,case_study,C3D10,no,36,0.048193,0,no,no,
3,case_study,C3D25,no,37,0.047619,0,no,no,
3,case_study,C3D28,no,38,0.044944,0,no,no,
3,case_study,C3D21,no,39,0.044229,0,no,no,
3,case_study,C3D15,no,40,0.043956,0,no,no,
3,case_study,C3P5,no,41,0.043478,0,no,no,
3,case_study,C3D34,no,42,0.037383,0,no,no,
3,case_study,C3D11,no,43,0.036697,0,no,no,
3,case_study,C3P14,no,44,0.036364,0,no,no,
3,case_study,C3D8,no,45,0.035223,0,no,no,
3,case_study,C3D30,no,46,0.027746,0,no,no,
3,case_study,C3D27,no,47,0.019189,0,no,no,
3,case_study,C3P11,no,48,0.015152,0,no,no,
3,case_study,C3D36,no,49,0.009174,0,no,no,
3,case_study,C3P17,yes,50,0.0,1,yes,no,YES
3,code_release,C3D22,yes,1,0.19121,1,yes,no,YES
3,code_release,C3D12,no,2,0.133057,1,yes,no,NO
3,code_release,C3D31,no,3,0.131558,1,no,no,
3,code_release,C3D1,no,4,0.122487,0,no,no,
3,code_release,C3D19,no,5,0.118525,0,no,no,
3,code_release,C3D34,yes,6,0.117768,1,yes,no,YES
3,code_release,C3D4,no,7,0.107679,0,no,no,
3,code_release,C3P14,no,8,0.106811,0,no,no,
3,code_release,C3D18,no,9,0.103175,0,no,no,
3,code_release,C3P11,yes,10,0.101526,1,yes,no,YES
3,code_release,C3D29,no,11,0.099845,0,no,no,
3,code_release,C3D5,no,12,0.090909,0,no,no,
3,code_release,C3P5,no,13,0.086164,1,no,no,
3,code_release,C3D15,no,14,0.084694,0,no,no,
3,code_release,C3P3,no,15,0.084548,0,no,no,
3,code_release,C3D16,no,16,0.082809,0,no,no,
3,code_release,C3P13,yes,17,0.0795,1,yes,no,YES
3,code_release,C3D36,no,18,0.066047,1,no,no,
3,code_release,C3P7,yes,19,0.065574,1,yes,yes,
3,code_release,C3P1,no,20,0.064516,1,no,no,
3,code_release,C3D8,yes,21,0.064286,1,yes,no,YES
3,code_release,C3D14,no,22,0.063492,0,no,no,
3,code_release,C3P8,yes,23,0.0625,1,yes,no,YES
3,code_release,C3P2,no,24,0.061538,1,no,no,
3,code_release,C3D17,yes,25,0.061538,1,yes,no,YES
3,code_release,C3D3,no,26,0.060669,0,no,no,
3,code_release,C3D28,no,27,0.059701,0,no,no,
3,code_release,C3D20,no,28,0.058824,0,no,no,
3,code_release,C3D2,no,29,0.057971,0,no,no,
3,code_release,C3D30,no,30,0.057971,0,no,no,
3,code_release,C3D9,no,31,0.057143,0,no,no,
3,code_release,C3D25,no,32,0.057143,0,no,no,
3,code_release,C3D32,yes,33,0.056338,1,yes,no,YES
3,code_release,C3D24,no,34,0.055967,0,no,no,
3,code_release,C3P6,yes,35,0.055556,1,yes,no,YES
3,code_release,C3D35,yes,36,0.054795,1,yes,yes,
3,code_release,C3D13,yes,37,0.052138,1,yes,yes,
3,code_release,C3P12,no,38,0.052049,0,no,no,
3,code_release,C3D23,no,39,0.048637,0,no,no,
3,code_release,C3D10,no,40,0.048193,0,no,no,
3,code_release,C3D37,no,41,0.047253,0,no,no,
3,code_release,C3D27,no,42,0.043478,0,no,no,
3,code_release,C3P20,no,43,0.041237,1,no,no,
3,code_release,C3D21,no,44,0.036364,0,no,no,
3,code_release,C3D11,no,45,0.032448,0,no,no,
3,code_release,C3D6,no,46,0.021391,0,no,no,
3,code_release,C3D33,no,47,0.020526,0,no,no,
3,code_release,C3D26,no,48,0.009524,0,no,no,
3,code_release,C3P17,no,49,0.0,1,no,no,
3,code_release,C3D7,no,50,0.0,0,no,no,
3,efficiency,C3D1,no,1,0.190708,0,no,no,
3,efficiency,C3D11,yes,2,0.165513,1,yes,yes,
3,efficiency,C3D3,yes,3,0.160551,1,yes,yes,
3,efficiency,C3D29,yes,4,0.149877,0,yes,yes,
3,efficiency,C3D21,yes,5,0.126544,1,yes,yes,
3,efficiency,C3D28,no,6,0.122201,0,no,no,
3,efficiency,C3P1,yes,7,0.116595,0,yes,no,YES
3,efficiency,C3D25,no,8,0.115593,0,no,no,
3,efficiency,C3P17,yes,9,0.110359,1,yes,yes,
3,efficiency,C3D14,yes,10,0.109024,0,yes,err,YES
3,efficiency,C3D7,no,11,0.108646,0,no,no,
3,efficiency,C3D5,yes,12,0.106914,1,yes,yes,
3,efficiency,C3D12,yes,13,0.10536,1,yes,yes,
3,efficiency,C3P12,no,14,0.103517,0,no,no,
3,efficiency,C3D2,no,15,0.095292,0,no,no,
3,efficiency,C3P5,no,16,0.092563,0,no,no,
3,efficiency,C3P3,no,17,0.092185,0,no,no,
3,efficiency,C3P14,yes,18,0.087434,1,yes,yes,
3,efficiency,C3P2,yes,19,0.086593,1,yes,yes,
3,efficiency,C3P6,yes,20,0.079117,1,yes,yes,
3,efficiency,C3D4,yes,21,0.076243,0,yes,no,YES
3,efficiency,C3D19,no,22,0.066545,0,no,no,
3,efficiency,C3D23,no,23,0.066225,0,no,no,
3,efficiency,C3D36,no,24,0.064516,0,no,no,
3,efficiency,C3D6,no,25,0.064306,0,no,no,
3,efficiency,C3D31,no,26,0.062976,0,no,no,
3,efficiency,C3D17,no,27,0.0625,0,no,no,
3,efficiency,C3D27,no,28,0.061538,0,no,no,
3,efficiency,C3D35,no,29,0.060606,0,no,no,
3,efficiency,C3P7,no,30,0.056709,0,no,no,
3,efficiency,C3D32,yes,31,0.055742,1,yes,yes,
3,efficiency,C3D18,no,32,0.054054,0,no,no,
3,efficiency,C3D10,no,33,0.053333,0,no,no,
3,efficiency,C3P11,no,34,0.052632,0,no,no,
3,efficiency,C3D20,yes,35,0.051948,0,yes,no,YES
3,efficiency,C3D16,no,36,0.044944,0,no,no,
3,efficiency,C3P20,no,37,0.042105,0,no,no,
3,efficiency,C3D26,no,38,0.039604,0,no,no,
3,efficiency,C3D24,yes,39,0.039216,1,yes,err,YES
3,efficiency,C3P13,no,40,0.038835,0,no,no,
3,efficiency,C3D22,no,41,0.037383,0,no,no,
3,efficiency,C3D33,no,42,0.024607,0,no,no,
3,efficiency,C3D8,no,43,0.020638,0,no,no,
3,efficiency,C3D13,no,44,0.015873,0,no,no,
3,efficiency,C3D37,no,45,0.0125,0,no,yes,NO
3,efficiency,C3D9,no,46,0.012346,0,no,no,
3,efficiency,C3P8,no,47,0.011494,0,no,no,
3,efficiency,C3D15,no,48,0.0,0,no,no,
3,efficiency,C3D30,no,49,0.0,0,no,no,
3,efficiency,C3D34,no,50,0.0,0,no,no,
3,fine_tuning,C3P2,yes,1,0.157405,1,yes,yes,
3,fine_tuning,C3D16,yes,2,0.126793,1,yes,no,YES
3,fine_tuning,C3D25,no,3,0.117148,0,no,no,
3,fine_tuning,C3D18,no,4,0.105053,0,no,no,
3,fine_tuning,C3D34,yes,5,0.104477,1,yes,yes,
3,fine_tuning,C3D7,no,6,0.103492,0,no,no,
3,fine_tuning,C3D4,yes,7,0.102104,1,yes,no,YES
3,fine_tuning,C3D35,yes,8,0.091488,1,yes,yes,
3,fine_tuning,C3D14,yes,9,0.087759,1,yes,no,YES
3,fine_tuning,C3D6,no,10,0.08356,0,no,no,
3,fine_tuning,C3D11,yes,11,0.075532,1,yes,yes,
3,fine_tuning,C3D29,yes,12,0.074748,0,yes,no,YES
3,fine_tuning,C3P7,no,13,0.071605,1,unclear,no,NO
3,fine_tuning,C3D19,yes,14,0.071591,1,yes,yes,
3,fine_tuning,C3D2,yes,15,0.070644,0,yes,no,YES
3,fine_tuning,C3D28,no,16,0.06876,0,no,no,
3,fine_tuning,C3D1,no,17,0.068631,0,no,no,
3,fine_tuning,C3D37,yes,18,0.067669,1,yes,no,YES
3,fine_tuning,C3D20,yes,19,0.067424,1,yes,no,YES
3,fine_tuning,C3P12,no,20,0.060606,1,no,no,
3,fine_tuning,C3D9,no,21,0.060606,0,no,no,
3,fine_tuning,C3D36,no,22,0.060598,0,no,no,
3,fine_tuning,C3P13,no,23,0.059701,0,no,no,
3,fine_tuning,C3P5,yes,24,0.058824,0,yes,no,YES
3,fine_tuning,C3D33,no,25,0.058824,0,no,no,
3,fine_tuning,C3P1,yes,26,0.057971,0,yes,yes,
3,fine_tuning,C3D15,no,27,0.057143,0,no,no,
3,fine_tuning,C3D22,yes,28,0.057143,0,yes,no,YES
3,fine_tuning,C3D8,yes,29,0.056709,0,yes,no,YES
3,fine_tuning,C3D31,no,30,0.056512,0,no,no,
3,fine_tuning,C3D3,no,31,0.055556,0,no,no,
3,fine_tuning,C3P11,yes,32,0.055151,0,yes,no,YES
3,fine_tuning,C3P8,yes,33,0.053163,1,yes,yes,
3,fine_tuning,C3P20,yes,34,0.051282,0,unclear,no,YES
3,fine_tuning,C3D32,yes,35,0.049383,0,yes,no,YES
3,fine_tuning,C3D23,no,36,0.047059,0,no,no,
3,fine_tuning,C3D24,yes,37,0.045977,1,yes,yes,
3,fine_tuning,C3P14,yes,38,0.043478,1,yes,no,YES
3,fine_tuning,C3D27,no,39,0.043011,0,no,no,
3,fine_tuning,C3P3,yes,40,0.042105,1,yes,yes,
3,fine_tuning,C3D10,no,41,0.041237,0,no,no,
3,fine_tuning,C3D12,no,42,0.040404,0,no,no,
3,fine_tuning,C3D21,yes,43,0.038462,1,yes,no,YES
3,fine_tuning,C3P17,yes,44,0.036697,0,yes,err,YES
3,fine_tuning,C3D17,yes,45,0.036364,0,unclear,no,YES
3,fine_tuning,C3D26,no,46,0.033481,0,no,no,
3,fine_tuning,C3D5,yes,47,0.028425,1,yes,yes,
3,fine_tuning,C3P6,no,48,0.018875,1,unclear,no,NO
3,fine_tuning,C3D13,no,49,0.012195,1,no,no,
3,fine_tuning,C3D30,no,50,0.007692,1,no,no,
3,proof_theory,C3D10,yes,1,0.166098,1,yes,yes,
3,proof_theory,C3D6,yes,2,0.121795,1,yes,yes,
3,proof_theory,C3D26,yes,3,0.116464,1,yes,yes,
3,proof_theory,C3D27,yes,4,0.106041,1,yes,yes,
3,proof_theory,C3D8,yes,5,0.103526,1,yes,yes,
3,proof_theory,C3D23,yes,6,0.099292,1,yes,yes,
3,proof_theory,C3D29,no,7,0.097643,0,no,no,
3,proof_theory,C3D30,yes,8,0.094501,1,yes,yes,
3,proof_theory,C3P6,yes,9,0.087979,1,yes,yes,
3,proof_theory,C3D25,yes,10,0.082906,1,yes,yes,
3,proof_theory,C3P8,no,11,0.081947,0,no,no,
3,proof_theory,C3D18,no,12,0.071644,0,no,no,
3,proof_theory,C3D15,yes,13,0.070884,1,yes,err,YES
3,proof_theory,C3D3,no,14,0.065574,0,no,no,
3,proof_theory,C3D7,yes,15,0.064516,1,yes,yes,
3,proof_theory,C3D35,no,16,0.064516,0,no,no,
3,proof_theory,C3D20,no,17,0.063492,0,no,no,
3,proof_theory,C3D12,no,18,0.05883,0,no,no,
3,proof_theory,C3D17,yes,19,0.058824,1,yes,no,YES
3,proof_theory,C3D32,no,20,0.057143,0,no,no,
3,proof_theory,C3P2,no,21,0.054915,0,no,no,
3,proof_theory,C3D1,no,22,0.054795,0,no,no,
3,proof_theory,C3D36,yes,23,0.053333,1,yes,no,YES
3,proof_theory,C3D34,no,24,0.05,0,no,no,
3,proof_theory,C3P14,no,25,0.04878,0,no,no,
3,proof_theory,C3D5,no,26,0.04878,0,no,no,
3,proof_theory,C3P1,no,27,0.047106,0,no,no,
3,proof_theory,C3D28,no,28,0.046512,0,no,no,
3,proof_theory,C3P12,yes,29,0.045977,1,yes,yes,
3,proof_theory,C3P17,no,30,0.044944,0,no,no,
3,proof_theory,C3D9,no,31,0.044944,0,no,no,
3,proof_theory,C3D31,yes,32,0.043478,1,yes,yes,
3,proof_theory,C3D19,no,33,0.040462,0,no,no,
3,proof_theory,C3D11,no,34,0.040404,0,no,no,
3,proof_theory,C3P13,no,35,0.04,0,no,no,
3,proof_theory,C3D4,no,36,0.04,0,no,no,
3,proof_theory,C3D16,no,37,0.038048,0,no,no,
3,proof_theory,C3D24,no,38,0.03721,0,no,no,
3,proof_theory,C3D13,yes,39,0.037179,1,yes,no,YES
3,proof_theory,C3D2,no,40,0.03442,0,no,no,
3,proof_theory,C3D37,no,41,0.029372,0,no,no,
3,proof_theory,C3D22,yes,42,0.028219,1,yes,no,YES
3,proof_theory,C3P20,no,43,0.026783,0,no,no,
3,proof_theory,C3P7,no,44,0.022115,0,no,no,
3,proof_theory,C3D33,no,45,0.009615,0,no,no,
3,proof_theory,C3D14,no,46,0.009174,0,no,no,
3,proof_theory,C3P3,no,47,0.0,0,no,no,
3,proof_theory,C3P5,no,48,0.0,0,no,no,
3,proof_theory,C3P11,no,49,0.0,0,no,no,
3,proof_theory,C3D21,no,50,0.0,0,no,no,
3,significance,C3D24,yes,1,0.166691,1,yes,yes,
3,significance,C3D9,yes,2,0.128464,0,yes,no,YES
3,significance,C3D25,no,3,0.119566,0,no,no,
3,significance,C3P6,yes,4,0.116704,1,yes,no,YES
3,significance,C3D36,no,5,0.115585,0,no,no,
3,significance,C3D33,no,6,0.110693,0,no,no,
3,significance,C3D35,no,7,0.110603,0,no,no,
3,significance,C3P2,no,8,0.103106,0,no,no,
3,significance,C3D6,no,9,0.082212,0,no,no,
3,significance,C3D2,no,10,0.069942,0,no,no,
3,significance,C3D32,no,11,0.069876,0,no,no,
3,significance,C3D8,no,12,0.067275,0,no,no,
3,significance,C3D21,yes,13,0.065574,1,yes,no,YES
3,significance,C3D34,yes,14,0.064516,1,yes,no,YES
3,significance,C3P7,yes,15,0.063985,1,yes,no,YES
3,significance,C3D4,yes,16,0.063492,1,yes,no,YES
3,significance,C3D20,no,17,0.063492,0,no,no,
3,significance,C3D28,no,18,0.0625,0,no,no,
3,significance,C3D29,no,19,0.061538,0,no,no,
3,significance,C3P3,no,20,0.059701,0,no,no,
3,significance,C3D1,no,21,0.058824,0,no,no,
3,significance,C3D15,no,22,0.057368,0,no,no,
3,significance,C3P8,no,23,0.056338,0,no,no,
3,significance,C3D7,no,24,0.056338,0,no,no,
3,significance,C3D23,no,25,0.05629,0,no,no,
3,significance,C3P14,no,26,0.055556,0,no,no,
3,significance,C3P13,no,27,0.05544,0,no,yes,NO
3,significance,C3D13,no,28,0.054795,0,no,no,
3,significance,C3D37,yes,29,0.053333,1,yes,no,YES
3,significance,C3D10,no,30,0.052632,0,no,no,
3,significance,C3D22,unclear,31,0.049383,1,,,
3,significance,C3P11,no,32,0.04878,0,no,no,
3,significance,C3P12,no,33,0.04878,0,no,no,
3,significance,C3D18,no,34,0.048193,0,no,no,
3,significance,C3P1,no,35,0.047619,0,no,no,
3,significance,C3D26,no,36,0.047619,0,no,no,
3,significance,C3D12,no,37,0.046512,0,no,no,
3,significance,C3P5,no,38,0.045455,0,no,no,
3,significance,C3D30,yes,39,0.044944,0,yes,no,YES
3,significance,C3D31,no,40,0.044944,0,no,no,
3,significance,C3P20,no,41,0.044444,0,no,no,
3,significance,C3D17,no,42,0.042108,0,no,no,
3,significance,C3D14,yes,43,0.04,0,yes,no,YES
3,significance,C3D3,no,44,0.038462,0,no,no,
3,significance,C3D11,no,45,0.038462,0,no,no,
3,significance,C3D19,no,46,0.020637,0,no,no,
3,significance,C3D16,no,47,0.016285,0,no,no,
3,significance,C3D27,no,48,0.011364,0,no,no,
3,significance,C3P17,no,49,0.0,0,no,no,
3,significance,C3D5,no,50,0.0,0,no,no,
