run,group,n,ok,ok_strict,gap
ab_N12_g2,跨篇 M1/X5,7,0.0,0.0,0.0
ab_N24_g2,跨篇 M1/X5,7,0.14285714285714285,0.0,0.14285714285714285
ab_N24x2_g2,跨篇 M1/X5,7,0.2857142857142857,0.2857142857142857,0.0
ab_N24x_g2,跨篇 M1/X5,7,0.42857142857142855,0.42857142857142855,0.0
cross_20260923,跨篇 M1/X5,20,0.6,,
fullctx_group1,单篇题,58,0.8620689655172413,0.7931034482758621,0.06896551724137923
fullctx_group1,跨篇 M1/X5,10,1.0,1.0,0.0
fullctx_group2,单篇题,70,0.8428571428571429,0.8285714285714286,0.014285714285714235
fullctx_group2,跨篇 M1/X5,10,0.9,0.9,0.0
fullctx_m1all_group1,跨篇 M1/X5,10,0.6,0.5,0.09999999999999998
fullctx_m1all_group2,跨篇 M1/X5,10,0.6,0.6,0.0
fullctx_m1all_group3,跨篇 M1/X5,10,0.8,0.8,0.0
fullctx_m1all_group4,跨篇 M1/X5,10,0.6,0.5,0.09999999999999998
fullctx_m1all_group5,跨篇 M1/X5,10,0.7,0.6,0.09999999999999998
fullctx_m1big_group1,跨篇 M1/X5,10,0.7,0.6,0.09999999999999998
fullctx_m1big_group2,跨篇 M1/X5,10,0.6,0.6,0.0
fullctx_m1big_group3,跨篇 M1/X5,10,0.6,0.6,0.0
fullctx_m1big_group4,跨篇 M1/X5,10,0.6,0.6,0.0
fullctx_m1big_group5,跨篇 M1/X5,10,0.6,0.5,0.09999999999999998
group1_full,单篇题,58,0.5172413793103449,,
group1_full,跨篇 M1/X5,20,0.75,,
group1_v2,单篇题,58,0.8793103448275862,0.5862068965517241,0.2931034482758621
group1_v2,跨篇 M1/X5,20,0.75,0.75,0.0
group2_full,单篇题,70,0.7714285714285715,,
group2_full,跨篇 M1/X5,20,0.5,,
group2_v2,单篇题,70,0.9,0.8571428571428571,0.04285714285714293
group2_v2,跨篇 M1/X5,20,0.55,0.55,0.0
group2_v3,单篇题,70,0.8857142857142857,0.8285714285714286,0.05714285714285705
group2_v3,跨篇 M1/X5,20,0.55,0.5,0.050000000000000044
m1baseline_group1,跨篇 M1/X5,10,0.6,0.6,0.0
m1baseline_group2,跨篇 M1/X5,10,0.6,0.3,0.3
m1baseline_group3,跨篇 M1/X5,10,0.9,0.6,0.30000000000000004
m1baseline_group4,跨篇 M1/X5,10,0.4,0.2,0.2
m1baseline_group5,跨篇 M1/X5,10,0.2,0.1,0.1
m1xk24_group1,跨篇 M1/X5,10,0.6,0.6,0.0
m1xk24_group2,跨篇 M1/X5,10,0.7,0.5,0.19999999999999996
m1xk24_group3,跨篇 M1/X5,10,0.9,0.5,0.4
m1xk24_group4,跨篇 M1/X5,10,0.4,0.2,0.2
m1xk24_group5,跨篇 M1/X5,10,0.3,0.2,0.09999999999999998
m1xk8_group1,跨篇 M1/X5,10,0.7,0.5,0.19999999999999996
m1xk8_group2,跨篇 M1/X5,10,0.5,0.3,0.2
m1xk8_group3,跨篇 M1/X5,10,0.7,0.4,0.29999999999999993
m1xk8_group4,跨篇 M1/X5,10,0.4,0.2,0.2
m1xk8_group5,跨篇 M1/X5,10,0.4,0.3,0.10000000000000003
reg_N12_g2,单篇题,7,1.0,0.7142857142857143,0.2857142857142857
reg_N24_g2,单篇题,7,1.0,0.7142857142857143,0.2857142857142857
rep3_limitation_group1,单篇题,15,0.8,0.4,0.4
rep3_limitation_group2,单篇题,21,0.6666666666666666,0.6190476190476191,0.04761904761904756
rerun_nom1_group1,单篇题,58,0.9310344827586207,0.6206896551724138,0.31034482758620685
rerun_nom1_group1,跨篇 M1/X5,10,1.0,1.0,0.0
rerun_nom1_group2,单篇题,70,0.8571428571428571,0.7571428571428571,0.09999999999999998
rerun_nom1_group2,跨篇 M1/X5,10,0.9,0.8,0.09999999999999998
single_corpus_group1,单篇题,58,0.8793103448275862,0.5689655172413793,0.31034482758620685
single_corpus_group2,单篇题,70,0.8857142857142857,0.8,0.08571428571428563
