cluster,facet,k,n_gold,n_pred,n_cand,inter,setP,setR,setF1,n_dissent,n_unclear,n_ground,n_ground_ok,ground_rate
1,ablation,20,28,17,50,16,0.9411764705882353,0.5714285714285714,0.7111111111111111,13,1,17,15,0.8823529411764706
1,ablation,30,28,21,50,19,0.9047619047619048,0.6785714285714286,0.7755102040816326,13,1,21,18,0.8571428571428571
1,ablation,40,28,24,50,22,0.9166666666666666,0.7857142857142857,0.8461538461538461,13,1,24,21,0.875
1,ablation,50,28,26,50,24,0.9230769230769231,0.8571428571428571,0.888888888888889,13,1,26,22,0.8461538461538461
1,ablation,0,28,26,50,24,0.9230769230769231,0.8571428571428571,0.888888888888889,13,1,26,22,0.8461538461538461
1,annotation_cost,20,4,2,50,1,0.5,0.25,0.3333333333333333,5,0,2,2,1.0
1,annotation_cost,30,4,4,50,2,0.5,0.5,0.5,5,0,4,4,1.0
1,annotation_cost,40,4,4,50,2,0.5,0.5,0.5,5,0,4,4,1.0
1,annotation_cost,50,4,4,50,2,0.5,0.5,0.5,5,0,4,4,1.0
1,annotation_cost,0,4,4,50,2,0.5,0.5,0.5,5,0,4,4,1.0
1,case_study,20,14,4,50,4,1.0,0.2857142857142857,0.4444444444444445,4,0,4,3,0.75
1,case_study,30,14,4,50,4,1.0,0.2857142857142857,0.4444444444444445,4,0,4,3,0.75
1,case_study,40,14,5,50,4,0.8,0.2857142857142857,0.4210526315789473,4,0,5,4,0.8
1,case_study,50,14,6,50,4,0.6666666666666666,0.2857142857142857,0.4,4,0,6,5,0.8333333333333334
1,case_study,0,14,6,50,4,0.6666666666666666,0.2857142857142857,0.4,4,0,6,5,0.8333333333333334
1,code_release,20,19,5,50,4,0.8,0.21052631578947367,0.3333333333333333,4,0,5,2,0.4
1,code_release,30,19,7,50,6,0.8571428571428571,0.3157894736842105,0.46153846153846156,4,0,7,3,0.42857142857142855
1,code_release,40,19,8,50,7,0.875,0.3684210526315789,0.5185185185185185,4,0,8,4,0.5
1,code_release,50,19,9,50,7,0.7777777777777778,0.3684210526315789,0.5,4,0,9,4,0.4444444444444444
1,code_release,0,19,9,50,7,0.7777777777777778,0.3684210526315789,0.5,4,0,9,4,0.4444444444444444
1,error_analysis,20,4,3,50,2,0.6666666666666666,0.5,0.5714285714285715,3,0,3,3,1.0
1,error_analysis,30,4,6,50,4,0.6666666666666666,1.0,0.8,3,0,6,5,0.8333333333333334
1,error_analysis,40,4,6,50,4,0.6666666666666666,1.0,0.8,3,0,6,5,0.8333333333333334
1,error_analysis,50,4,6,50,4,0.6666666666666666,1.0,0.8,3,0,6,5,0.8333333333333334
1,error_analysis,0,4,6,50,4,0.6666666666666666,1.0,0.8,3,0,6,5,0.8333333333333334
1,fine_tuning,20,29,15,50,13,0.8666666666666667,0.4482758620689655,0.5909090909090909,14,1,15,13,0.8666666666666667
1,fine_tuning,30,29,22,50,20,0.9090909090909091,0.6896551724137931,0.7843137254901961,14,1,22,19,0.8636363636363636
1,fine_tuning,40,29,26,50,24,0.9230769230769231,0.8275862068965517,0.8727272727272727,14,1,26,21,0.8076923076923077
1,fine_tuning,50,29,27,50,25,0.9259259259259259,0.8620689655172413,0.8928571428571429,14,1,27,22,0.8148148148148148
1,fine_tuning,0,29,27,50,25,0.9259259259259259,0.8620689655172413,0.8928571428571429,14,1,27,22,0.8148148148148148
1,human_eval,20,8,8,50,7,0.875,0.875,0.875,4,0,8,4,0.5
1,human_eval,30,8,8,50,7,0.875,0.875,0.875,4,0,8,4,0.5
1,human_eval,40,8,8,50,7,0.875,0.875,0.875,4,0,8,4,0.5
1,human_eval,50,8,8,50,7,0.875,0.875,0.875,4,0,8,4,0.5
1,human_eval,0,8,8,50,7,0.875,0.875,0.875,4,0,8,4,0.5
1,significance,20,7,7,50,6,0.8571428571428571,0.8571428571428571,0.8571428571428571,7,0,7,6,0.8571428571428571
1,significance,30,7,7,50,6,0.8571428571428571,0.8571428571428571,0.8571428571428571,7,0,7,6,0.8571428571428571
1,significance,40,7,7,50,6,0.8571428571428571,0.8571428571428571,0.8571428571428571,7,0,7,6,0.8571428571428571
1,significance,50,7,7,50,6,0.8571428571428571,0.8571428571428571,0.8571428571428571,7,0,7,6,0.8571428571428571
1,significance,0,7,7,50,6,0.8571428571428571,0.8571428571428571,0.8571428571428571,7,0,7,6,0.8571428571428571
1,zero_few_shot,20,11,5,50,5,1.0,0.45454545454545453,0.625,9,0,5,3,0.6
1,zero_few_shot,30,11,6,50,5,0.8333333333333334,0.45454545454545453,0.5882352941176471,9,0,6,4,0.6666666666666666
1,zero_few_shot,40,11,8,50,7,0.875,0.6363636363636364,0.7368421052631579,9,0,8,5,0.625
1,zero_few_shot,50,11,10,50,8,0.8,0.7272727272727273,0.761904761904762,9,0,10,6,0.6
1,zero_few_shot,0,11,10,50,8,0.8,0.7272727272727273,0.761904761904762,9,0,10,6,0.6
2,ablation,20,18,5,50,4,0.8,0.2222222222222222,0.3478260869565218,5,0,5,4,0.8
2,ablation,30,18,6,50,5,0.8333333333333334,0.2777777777777778,0.4166666666666667,5,0,6,5,0.8333333333333334
2,ablation,40,18,8,50,7,0.875,0.3888888888888889,0.5384615384615385,5,0,8,6,0.75
2,ablation,50,18,10,50,9,0.9,0.5,0.6428571428571429,5,0,10,7,0.7
2,ablation,0,18,10,50,9,0.9,0.5,0.6428571428571429,5,0,10,7,0.7
2,annotation_cost,20,8,5,50,5,1.0,0.625,0.7692307692307693,8,0,5,5,1.0
2,annotation_cost,30,8,7,50,5,0.7142857142857143,0.625,0.6666666666666666,8,0,7,5,0.7142857142857143
2,annotation_cost,40,8,8,50,5,0.625,0.625,0.625,8,0,8,6,0.75
2,annotation_cost,50,8,9,50,5,0.5555555555555556,0.625,0.5882352941176471,8,0,9,6,0.6666666666666666
2,annotation_cost,0,8,9,50,5,0.5555555555555556,0.625,0.5882352941176471,8,0,9,6,0.6666666666666666
2,code_release,20,23,6,50,6,1.0,0.2608695652173913,0.41379310344827586,6,0,6,4,0.6666666666666666
2,code_release,30,23,8,50,7,0.875,0.30434782608695654,0.4516129032258065,6,0,8,5,0.625
2,code_release,40,23,9,50,7,0.7777777777777778,0.30434782608695654,0.43750000000000006,6,0,9,5,0.5555555555555556
2,code_release,50,23,11,50,9,0.8181818181818182,0.391304347826087,0.5294117647058824,6,0,11,7,0.6363636363636364
2,code_release,0,23,11,50,9,0.8181818181818182,0.391304347826087,0.5294117647058824,6,0,11,7,0.6363636363636364
2,efficiency,20,2,2,50,0,0.0,0.0,0.0,2,0,2,0,0.0
2,efficiency,30,2,2,50,0,0.0,0.0,0.0,2,0,2,0,0.0
2,efficiency,40,2,2,50,0,0.0,0.0,0.0,2,0,2,0,0.0
2,efficiency,50,2,2,50,0,0.0,0.0,0.0,2,0,2,0,0.0
2,efficiency,0,2,2,50,0,0.0,0.0,0.0,2,0,2,0,0.0
2,error_analysis,20,3,4,50,2,0.5,0.6666666666666666,0.5714285714285715,3,0,4,3,0.75
2,error_analysis,30,3,4,50,2,0.5,0.6666666666666666,0.5714285714285715,3,0,4,3,0.75
2,error_analysis,40,3,5,50,2,0.4,0.6666666666666666,0.5,3,0,5,4,0.8
2,error_analysis,50,3,5,50,2,0.4,0.6666666666666666,0.5,3,0,5,4,0.8
2,error_analysis,0,3,5,50,2,0.4,0.6666666666666666,0.5,3,0,5,4,0.8
2,fine_tuning,20,33,12,50,10,0.8333333333333334,0.30303030303030304,0.4444444444444444,15,6,12,8,0.6666666666666666
2,fine_tuning,30,33,17,50,15,0.8823529411764706,0.45454545454545453,0.6,15,6,17,13,0.7647058823529411
2,fine_tuning,40,33,25,50,22,0.88,0.6666666666666666,0.7586206896551725,15,6,25,21,0.84
2,fine_tuning,50,33,29,50,26,0.896551724137931,0.7878787878787878,0.8387096774193549,15,6,29,25,0.8620689655172413
2,fine_tuning,0,33,29,50,26,0.896551724137931,0.7878787878787878,0.8387096774193549,15,6,29,25,0.8620689655172413
2,human_eval,20,6,6,50,4,0.6666666666666666,0.6666666666666666,0.6666666666666666,3,0,6,5,0.8333333333333334
2,human_eval,30,6,7,50,5,0.7142857142857143,0.8333333333333334,0.7692307692307692,3,0,7,5,0.7142857142857143
2,human_eval,40,6,7,50,5,0.7142857142857143,0.8333333333333334,0.7692307692307692,3,0,7,5,0.7142857142857143
2,human_eval,50,6,7,50,5,0.7142857142857143,0.8333333333333334,0.7692307692307692,3,0,7,5,0.7142857142857143
2,human_eval,0,6,7,50,5,0.7142857142857143,0.8333333333333334,0.7692307692307692,3,0,7,5,0.7142857142857143
2,knowledge_distill,20,5,5,50,4,0.8,0.8,0.8000000000000002,5,0,5,5,1.0
2,knowledge_distill,30,5,6,50,5,0.8333333333333334,1.0,0.9090909090909091,5,0,6,6,1.0
2,knowledge_distill,40,5,7,50,5,0.7142857142857143,1.0,0.8333333333333333,5,0,7,6,0.8571428571428571
2,knowledge_distill,50,5,7,50,5,0.7142857142857143,1.0,0.8333333333333333,5,0,7,6,0.8571428571428571
2,knowledge_distill,0,5,7,50,5,0.7142857142857143,1.0,0.8333333333333333,5,0,7,6,0.8571428571428571
2,multilingual,20,4,7,50,3,0.42857142857142855,0.75,0.5454545454545454,6,1,7,7,1.0
2,multilingual,30,4,7,50,3,0.42857142857142855,0.75,0.5454545454545454,6,1,7,7,1.0
2,multilingual,40,4,7,50,3,0.42857142857142855,0.75,0.5454545454545454,6,1,7,7,1.0
2,multilingual,50,4,8,50,3,0.375,0.75,0.5,6,1,8,8,1.0
2,multilingual,0,4,8,50,3,0.375,0.75,0.5,6,1,8,8,1.0
2,prompt_eng,20,10,5,50,2,0.4,0.2,0.26666666666666666,4,1,5,4,0.8
2,prompt_eng,30,10,7,50,4,0.5714285714285714,0.4,0.47058823529411764,4,1,7,6,0.8571428571428571
2,prompt_eng,40,10,8,50,5,0.625,0.5,0.5555555555555556,4,1,8,7,0.875
2,prompt_eng,50,10,8,50,5,0.625,0.5,0.5555555555555556,4,1,8,7,0.875
2,prompt_eng,0,10,8,50,5,0.625,0.5,0.5555555555555556,4,1,8,7,0.875
2,significance,20,12,9,50,7,0.7777777777777778,0.5833333333333334,0.6666666666666666,7,0,9,6,0.6666666666666666
2,significance,30,12,12,50,9,0.75,0.75,0.75,7,0,12,7,0.5833333333333334
2,significance,40,12,12,50,9,0.75,0.75,0.75,7,0,12,7,0.5833333333333334
2,significance,50,12,12,50,9,0.75,0.75,0.75,7,0,12,7,0.5833333333333334
2,significance,0,12,12,50,9,0.75,0.75,0.75,7,0,12,7,0.5833333333333334
2,zero_few_shot,20,17,5,50,3,0.6,0.17647058823529413,0.2727272727272727,8,0,5,4,0.8
2,zero_few_shot,30,17,8,50,6,0.75,0.35294117647058826,0.48,8,0,8,6,0.75
2,zero_few_shot,40,17,12,50,10,0.8333333333333334,0.5882352941176471,0.6896551724137931,8,0,12,9,0.75
2,zero_few_shot,50,17,13,50,11,0.8461538461538461,0.6470588235294118,0.7333333333333334,8,0,13,10,0.7692307692307693
2,zero_few_shot,0,17,13,50,11,0.8461538461538461,0.6470588235294118,0.7333333333333334,8,0,13,10,0.7692307692307693
3,ablation,20,17,6,50,6,1.0,0.35294117647058826,0.5217391304347826,6,0,6,4,0.6666666666666666
3,ablation,30,17,8,50,8,1.0,0.47058823529411764,0.6399999999999999,6,0,8,6,0.75
3,ablation,40,17,10,50,10,1.0,0.5882352941176471,0.7407407407407407,6,0,10,7,0.7
3,ablation,50,17,12,50,11,0.9166666666666666,0.6470588235294118,0.7586206896551724,6,0,12,8,0.6666666666666666
3,ablation,0,17,12,50,11,0.9166666666666666,0.6470588235294118,0.7586206896551724,6,0,12,8,0.6666666666666666
3,case_study,20,5,1,50,0,0.0,0.0,0.0,5,0,1,1,1.0
3,case_study,30,5,3,50,1,0.3333333333333333,0.2,0.25,5,0,3,2,0.6666666666666666
3,case_study,40,5,4,50,1,0.25,0.2,0.22222222222222224,5,0,4,3,0.75
3,case_study,50,5,5,50,2,0.4,0.4,0.4000000000000001,5,0,5,4,0.8
3,case_study,0,5,5,50,2,0.4,0.4,0.4000000000000001,5,0,5,4,0.8
3,code_release,20,20,3,50,3,1.0,0.15,0.2608695652173913,3,1,3,2,0.6666666666666666
3,code_release,30,20,5,50,5,1.0,0.25,0.4,3,1,5,4,0.8
3,code_release,40,20,5,50,5,1.0,0.25,0.4,3,1,5,4,0.8
3,code_release,50,20,7,50,7,1.0,0.35,0.5185185185185185,3,1,7,5,0.7142857142857143
3,code_release,0,20,7,50,7,1.0,0.35,0.5185185185185185,3,1,7,5,0.7142857142857143
3,efficiency,20,11,11,50,8,0.7272727272727273,0.7272727272727273,0.7272727272727273,4,0,11,8,0.7272727272727273
3,efficiency,30,11,13,50,9,0.6923076923076923,0.8181818181818182,0.7500000000000001,4,0,13,10,0.7692307692307693
3,efficiency,40,11,15,50,11,0.7333333333333333,1.0,0.846153846153846,4,0,15,11,0.7333333333333333
3,efficiency,50,11,16,50,11,0.6875,1.0,0.8148148148148148,4,0,16,11,0.6875
3,efficiency,0,11,16,50,11,0.6875,1.0,0.8148148148148148,4,0,16,11,0.6875
3,fine_tuning,20,21,13,50,10,0.7692307692307693,0.47619047619047616,0.588235294117647,17,0,13,11,0.8461538461538461
3,fine_tuning,30,21,19,50,15,0.7894736842105263,0.7142857142857143,0.7500000000000001,17,0,19,15,0.7894736842105263
3,fine_tuning,40,21,23,50,17,0.7391304347826086,0.8095238095238095,0.7727272727272727,17,0,23,19,0.8260869565217391
3,fine_tuning,50,21,24,50,17,0.7083333333333334,0.8095238095238095,0.7555555555555556,17,0,24,19,0.7916666666666666
3,fine_tuning,0,21,24,50,17,0.7083333333333334,0.8095238095238095,0.7555555555555556,17,0,24,19,0.7916666666666666
3,proof_theory,20,17,14,50,14,1.0,0.8235294117647058,0.9032258064516129,4,0,14,13,0.9285714285714286
3,proof_theory,30,17,15,50,15,1.0,0.8823529411764706,0.9375,4,0,15,14,0.9333333333333333
3,proof_theory,40,17,15,50,15,1.0,0.8823529411764706,0.9375,4,0,15,14,0.9333333333333333
3,proof_theory,50,17,16,50,16,1.0,0.9411764705882353,0.9696969696969697,4,0,16,15,0.9375
3,proof_theory,0,17,16,50,16,1.0,0.9411764705882353,0.9696969696969697,4,0,16,15,0.9375
3,significance,20,8,5,50,3,0.6,0.375,0.4615384615384615,7,0,5,5,1.0
3,significance,30,8,6,50,3,0.5,0.375,0.42857142857142855,7,0,6,5,0.8333333333333334
3,significance,40,8,6,50,3,0.5,0.375,0.42857142857142855,7,0,6,5,0.8333333333333334
3,significance,50,8,6,50,3,0.5,0.375,0.42857142857142855,7,0,6,5,0.8333333333333334
3,significance,0,8,6,50,3,0.5,0.375,0.42857142857142855,7,0,6,5,0.8333333333333334
